Date,Open,High,Low,Close,Adj Close,Volume
12/31/2012,72.932854,76.485718,72.714287,76.024284,66.736229,164873100
1/2/2013,79.117142,79.285713,77.375717,78.432854,68.850548,140129500
1/3/2013,78.26857,78.524284,77.285713,77.442856,67.981491,88241300
1/4/2013,76.709999,76.947144,75.118568,75.285713,66.087891,148583400
1/7/2013,74.571426,75.614288,73.599998,74.842857,65.699158,121039100
1/8/2013,75.601425,75.984283,74.464287,75.044289,65.875954,114676800
1/9/2013,74.64286,75.001427,73.71286,73.871429,64.84639,101901100
1/10/2013,75.507141,75.531425,73.645714,74.78714,65.650238,150286500
1/11/2013,74.428574,75.045715,74.145714,74.328575,65.247704,87626700
1/14/2013,71.811432,72.5,71.215714,71.678574,62.921452,183551900
1/15/2013,71.185715,71.284286,69.054283,69.417145,60.936287,219193100
1/16/2013,70.662857,72.777145,70.35714,72.298569,63.465691,172701200
1/17/2013,72.901428,72.964287,71.718575,71.811432,63.038078,113419600
1/18/2013,71.21714,71.745712,70.914284,71.428574,62.701996,118230700
1/22/2013,72.080002,72.554283,70.947144,72.110001,63.300167,115386600
1/23/2013,72.687141,73.57,72.110001,73.43,64.458878,215377400
1/24/2013,65.714287,66.53286,64.321426,64.35714,56.49448,365213100
1/25/2013,64.527145,65.175713,62.142857,62.84,55.162701,302006600
1/28/2013,62.547142,64.744286,62.265713,64.261429,56.410473,196379400
1/29/2013,65.5,65.742859,64.58857,65.46714,57.468884,142789500
1/30/2013,65.285713,66.085716,64.928574,65.261429,57.288307,104288800
1/31/2013,65.28286,65.611427,64.997147,65.07,57.120266,79833600
2/1/2013,65.587143,65.639999,64.050003,64.802856,56.885754,134871100
2/4/2013,64.844284,65.134285,63.142857,63.188572,55.468674,119279300
2/5/2013,63.435715,65.677139,63.174286,65.405716,57.414951,143336900
2/6/2013,65.209999,66.64286,64.654289,65.335716,57.353516,148426600
2/7/2013,66.178574,67.14286,64.874283,66.888573,59.058853,176145200
2/8/2013,67.714287,68.401428,66.89286,67.854286,59.911518,158289600
2/11/2013,68.071426,69.277145,67.60714,68.561432,60.535877,129372600
2/12/2013,68.501427,68.91143,66.82,66.842857,59.018475,152263300
2/13/2013,66.744286,67.662857,66.174286,66.715714,58.906216,118801900
2/14/2013,66.360001,67.377144,66.288574,66.655716,58.853249,88818800
2/15/2013,66.978569,67.165718,65.702858,65.737144,58.042206,97936300
2/19/2013,65.871429,66.104286,64.835716,65.71286,58.020763,108945900
2/20/2013,65.384285,65.384285,64.114288,64.121429,56.615623,119075600
2/21/2013,63.714287,64.167145,63.259998,63.722858,56.263714,111795600
2/22/2013,64.178574,64.514282,63.799999,64.401428,56.862831,82663700
2/25/2013,64.835716,65.017143,63.224285,63.257141,55.852501,93144800
2/26/2013,63.402859,64.505714,62.522858,64.138573,56.630756,125374900
2/27/2013,64.061432,64.634285,62.950001,63.509998,56.075764,146837600
2/28/2013,63.435715,63.98143,63.057144,63.057144,55.675922,80628800
3/1/2013,62.57143,62.597141,61.425713,61.495716,54.297264,138112100
3/4/2013,61.114285,61.171429,59.857143,60.007141,52.982929,145688900
3/5/2013,60.21143,62.169998,60.107143,61.591427,54.381771,159608400
3/6/2013,62.072857,62.17857,60.632858,60.808571,53.690552,115062500
3/7/2013,60.642857,61.715714,60.151428,61.511429,54.311134,117118400
3/8/2013,61.400002,62.204285,61.23,61.674286,54.454929,97870500
3/11/2013,61.392857,62.715714,60.734287,62.552856,55.230663,118559000
3/12/2013,62.228573,62.697144,61.081429,61.204285,54.03994,116477900
3/13/2013,61.207142,62.07143,60.765713,61.192856,54.029842,101387300
3/14/2013,61.832859,62.091427,61.492859,61.785713,54.55331,75968900
3/15/2013,62.561428,63.46143,62.464287,63.380001,55.960979,160990200
3/18/2013,63.064285,65.351425,63.028572,65.102859,57.482178,151549300
3/19/2013,65.64286,65.852859,64.071426,64.927139,57.327007,131693800
3/20/2013,65.345711,65.375717,64.227142,64.582855,57.023029,77165200
3/21/2013,64.317146,65.425713,64.300003,64.675713,57.105022,95813900
3/22/2013,64.940002,66.014282,64.730003,65.987144,58.262951,98776300
3/25/2013,66.384285,67.135712,65.968575,66.225716,58.473579,125283900
3/26/2013,66.491432,66.548569,65.790001,65.877144,58.165817,73573500
3/27/2013,65.208572,65.257141,64.389999,64.582855,57.023029,82809300
3/28/2013,64.260002,64.545715,63.08857,63.237144,55.834843,110709900
4/1/2013,63.128571,63.385715,61.105713,61.272858,54.100498,97433000
4/2/2013,61.085712,62.591427,60.914288,61.398571,54.211483,132379800
4/3/2013,61.624287,62.468571,61.472858,61.712856,54.488991,90804000
4/4/2013,61.965714,62.142857,60.75,61.102856,53.95039,89611900
4/5/2013,60.642857,60.707142,59.954285,60.457142,53.380264,95923800
4/8/2013,60.692856,61.07143,60.355713,60.887142,53.759933,75207300
4/9/2013,60.908573,61.214287,60.392857,60.997143,53.857048,76653500
4/10/2013,61.157143,62.437141,60.85857,62.241428,54.955688,93982000
4/11/2013,61.959999,62.57,61.599998,62.047142,54.784145,82091100
4/12/2013,62.021427,62.021427,61.298573,61.400002,54.212742,59653300
4/15/2013,61,61.127144,59.935715,59.978573,52.95771,79380000
4/16/2013,60.224285,60.944286,60.081429,60.89143,53.763706,76442800
4/17/2013,60.03857,60.085712,56.872856,57.542858,50.80711,236264000
4/18/2013,57.855713,57.970001,55.677143,56.007141,49.451168,166574800
4/19/2013,55.424286,57.085712,55.014286,55.790001,49.259438,152318600
4/22/2013,56.091427,57.457142,55.895714,56.952858,50.286175,107480100
4/23/2013,57.712856,58.34,56.972858,58.01857,51.227139,166059600
4/24/2013,56.220001,59.32143,56.07143,57.922855,51.14262,242412800
4/25/2013,58.747143,59.134285,58.142857,58.34,51.510948,96209400
4/26/2013,58.544285,59.824287,58.32143,59.599998,52.623451,191024400
4/29/2013,60.064285,61.945713,60,61.445713,54.253109,160081600
4/30/2013,62.157143,63.607143,61.724285,63.254284,55.849964,172884600
5/1/2013,63.494286,63.561428,62.055714,62.755714,55.409767,126727300
5/2/2013,63.111427,64.084282,62.947144,63.645714,56.195595,105457100
5/3/2013,64.472855,64.747147,64.164284,64.28286,56.758148,90325200
5/6/2013,65.101425,66.028572,64.901428,65.815712,58.11158,124160400
5/7/2013,66.424286,66.535713,64.814285,65.522858,57.853008,120938300
5/8/2013,65.577141,66.48143,65.115715,66.262856,58.506386,118149500
5/9/2013,65.687141,66.14286,65.082855,65.252853,57.995953,99621900
5/10/2013,65.424286,65.672859,64.354286,64.709999,57.513474,83713000
5/13/2013,64.501427,65.414284,64.5,64.96286,57.738209,79237200
5/14/2013,64.835716,65.028572,63.164288,63.408573,56.356773,111779500
5/15/2013,62.737144,63,60.337143,61.264286,54.450962,185403400
5/16/2013,60.462856,62.549999,59.842857,62.082859,55.178509,150801000
5/17/2013,62.721428,62.869999,61.572857,61.894287,55.01091,106976100
5/20/2013,61.701427,63.685715,61.442856,63.275715,56.238693,112894600
5/21/2013,62.592857,63.639999,62.028572,62.808571,55.823502,114005500
5/22/2013,63.435715,64.050003,62.602856,63.049999,56.03809,110759600
5/23/2013,62.278572,63.737144,62.255714,63.162857,56.138401,88255300
5/24/2013,62.978573,63.665714,62.908573,63.592857,56.520561,69041700
5/28/2013,64.271431,64.444283,62.978573,63.062859,56.049515,96536300
5/29/2013,62.857143,63.92857,62.771427,63.564285,56.495171,82644100
5/30/2013,63.664288,64.928574,63.501427,64.511429,57.33699,88379900
5/31/2013,64.64286,65.300003,64.214287,64.247147,57.102085,96075700
6/3/2013,64.389999,64.622856,63.21143,64.388573,57.227791,93088100
6/4/2013,64.745712,64.918571,63.912857,64.187141,57.048763,73182200
6/5/2013,63.664288,64.388573,63.387142,63.587143,56.515488,72647400
6/6/2013,63.638573,63.857143,62.007141,62.637142,55.671135,104233500
6/7/2013,62.357143,63.32,61.824287,63.115715,56.096489,101133900
6/10/2013,63.532856,64.154289,62.400002,62.69857,55.725742,112538300
6/11/2013,62.248573,63.251427,61.902859,62.514286,55.561951,71528100
6/12/2013,62.785713,63.035713,61.642857,61.741428,54.875038,66306800
6/13/2013,61.785713,62.44857,61.25,62.279999,55.353714,71458100
6/14/2013,62.200001,62.327145,61.214287,61.435715,54.603321,67966500
6/17/2013,61.634285,62.242859,61.48,61.714287,54.850918,64853600
6/18/2013,61.651428,62.128571,61.458572,61.681427,54.821705,48756400
6/19/2013,61.628571,61.665714,60.42857,60.42857,53.708191,77735000
6/20/2013,59.900002,60.854286,59.310001,59.548573,52.926052,89327700
6/21/2013,59.784286,60,58.299999,59.07143,52.501984,120279600
6/24/2013,58.200001,58.380001,56.864285,57.505714,51.11039,120186500
6/25/2013,57.957142,58.255714,56.975716,57.51857,51.121815,78540700
6/26/2013,57.700001,57.827145,56.522858,56.867142,50.542839,91931000
6/27/2013,57.035713,57.341427,56.220001,56.254284,49.998131,84311500
6/28/2013,55.908573,57.181427,55.552856,56.647144,50.347298,144629100
7/1/2013,57.527142,58.895714,57.317142,58.459999,51.958546,97763400
7/2/2013,58.565716,60.232857,58.495716,59.784286,53.135551,117466300
7/3/2013,60.122856,60.425713,59.635715,60.114285,53.428848,60232200
7/5/2013,60.055714,60.470001,59.335712,59.631428,52.999695,68506200
7/8/2013,60.015713,60.142857,58.664288,59.292858,52.698784,74534600
7/9/2013,59.085712,60.5,58.625713,60.335712,53.625652,88146100
7/10/2013,59.942856,60.685715,59.75,60.104286,53.419975,70351400
7/11/2013,60.421429,61.17857,60.167141,61.041428,54.252888,81573100
7/12/2013,61.092857,61.398571,60.487144,60.93,54.153854,69890800
7/15/2013,60.715714,61.637142,60.685715,61.062859,54.271938,60479300
7/16/2013,60.931427,61.529999,60.595715,61.457142,54.622364,54134500
7/17/2013,61.385715,61.745716,61.174286,61.472858,54.636337,49747600
7/18/2013,61.91143,62.124287,61.515713,61.68,54.820435,54719700
7/19/2013,61.871429,61.997143,60.621429,60.707142,53.95578,67180400
7/22/2013,61.351429,61.392857,60.781429,60.901428,54.128464,51949100
7/23/2013,60.857143,60.994286,59.815716,59.855713,53.199036,92348900
7/24/2013,62.704285,63.512856,62.18,62.93,55.931431,147984200
7/25/2013,62.957142,63.057144,62.258572,62.642857,55.676224,57373400
7/26/2013,62.185715,63.005714,62.048573,62.998573,55.992386,50038100
7/29/2013,62.971428,64.284286,62.885715,63.970001,56.85577,62014400
7/30/2013,64.279999,65.307144,64.175713,64.760002,57.557915,77355600
7/31/2013,64.998573,65.334282,64.204285,64.647141,57.4576,80739400
8/1/2013,65.10714,65.257141,64.751427,65.239998,57.984528,51562700
8/2/2013,65.43,66.121429,65.237144,66.077141,58.728561,68695900
8/5/2013,66.384285,67.238571,66.021431,67.064285,59.605927,79713900
8/6/2013,66.860001,67.412857,66.024284,66.464287,59.07267,83714400
8/7/2013,66.257141,66.714287,65.96714,66.425713,59.038376,74714500
8/8/2013,66.265717,66.300003,65.421425,65.858574,58.920799,63944300
8/9/2013,65.519997,65.779999,64.807144,64.921425,58.082375,66716300
8/12/2013,65.265717,66.949997,65.232857,66.765717,59.732368,91108500
8/13/2013,67.277145,70.665718,66.864288,69.938568,62.570992,220485300
8/14/2013,71.125717,72.035713,70.485718,71.214287,63.712326,189093100
8/15/2013,70.917145,71.771431,69.868568,71.129997,63.636925,122573500
8/16/2013,71.449997,71.848572,71.265717,71.761429,64.201828,90576500
8/19/2013,72.048569,73.391426,72,72.534286,64.893272,127629600
8/20/2013,72.815712,72.938568,71.545715,71.581429,64.04081,89672100
8/21/2013,71.941429,72.449997,71.599998,71.765717,64.20565,83969900
8/22/2013,72.139999,72.227142,71.171425,71.851425,64.282341,61051900
8/23/2013,71.895714,71.907143,71.335716,71.574287,64.034378,55682900
8/26/2013,71.535713,72.885712,71.5,71.852859,64.283607,82741400
8/27/2013,71.14286,71.78714,69.471428,69.798569,62.445732,106047200
8/28/2013,69.428574,70.828575,69.428574,70.128571,62.740967,76902000
8/29/2013,70.235718,70.928574,70.16143,70.242859,62.843216,59914400
8/30/2013,70.285713,70.421425,69.5,69.602859,62.270653,68074300
9/3/2013,70.442856,71.514282,69.621429,69.797142,62.444466,82982200
9/4/2013,71.365715,71.748573,70.897141,71.241432,63.736599,86258200
9/5/2013,71.464287,71.525711,70.519997,70.752853,63.299492,59091900
9/6/2013,71.205711,71.339996,69.992859,71.174286,63.676525,89881400
9/9/2013,72.14286,72.559998,71.925713,72.309998,64.692596,85171800
9/10/2013,72.314285,72.492859,69.928574,70.662857,63.218979,185798900
9/11/2013,66.715714,67.669998,66.401428,66.815712,59.777115,224674100
9/12/2013,66.928574,67.914284,66.572861,67.527145,60.413586,101012800
9/13/2013,67.048569,67.404289,66.385712,66.414284,59.417957,74708900
9/16/2013,65.85714,65.944283,63.888573,64.302856,57.528954,135926700
9/17/2013,63.994286,65.672859,63.92857,65.045715,58.193565,99845200
9/18/2013,66.168571,66.621429,65.808571,66.382858,59.389862,114215500
9/19/2013,67.242859,67.975716,67.035713,67.471428,60.363731,101135300
9/20/2013,68.285713,68.364288,66.571426,66.772858,59.73877,174825700
9/23/2013,70.871429,70.987144,68.942856,70.091431,62.707752,190526700
9/24/2013,70.697144,70.781425,69.688568,69.871429,62.510921,91086100
9/25/2013,69.885712,69.94857,68.775711,68.790001,61.543415,79239300
9/26/2013,69.428574,69.794289,69.128571,69.459999,62.142822,59305400
9/27/2013,69.111427,69.238571,68.674286,68.964287,61.699341,57010100
9/30/2013,68.178574,68.808571,67.772858,68.10714,60.932487,65039100
10/1/2013,68.349998,69.877144,68.339996,69.708572,62.365208,88470900
10/2/2013,69.375717,70.257141,69.10714,69.937141,62.569702,72296000
10/3/2013,70.072861,70.335716,68.677139,69.058571,61.783703,80688300
10/4/2013,69.122856,69.228569,68.371429,69.004288,61.73513,64717100
10/7/2013,69.508568,70.378571,69.335716,69.678574,62.338379,78073100
10/8/2013,69.991432,70.091431,68.648575,68.705711,61.46801,72729300
10/9/2013,69.234283,69.684288,68.325714,69.512856,62.190121,75431300
10/10/2013,70.188568,70.339996,69.577141,69.94857,62.579937,69650700
10/11/2013,69.57,70.548569,69.308571,70.401428,62.985088,66934700
10/14/2013,69.975716,71.082855,69.907143,70.862854,63.3979,65474500
10/15/2013,71.072861,71.714287,70.788574,71.239998,63.735325,80018400
10/16/2013,71.541428,71.790001,71.318573,71.587143,64.045898,62775300
10/17/2013,71.425713,72.111427,71.382858,72.071426,64.479172,63398300
10/18/2013,72.284286,72.751427,72.244286,72.69857,65.040237,72635500
10/21/2013,73.110001,74.900002,73.074287,74.480003,66.634018,99526700
10/22/2013,75.201431,75.492859,72.575714,74.267143,66.443581,133515900
10/23/2013,74.14286,75.095711,74.14286,74.994286,67.094139,78430800
10/24/2013,75,76.067146,74.635712,75.987144,67.982399,96191200
10/25/2013,75.902855,76.175713,75.015717,75.137146,67.221924,84448000
10/28/2013,75.577141,75.85714,74.744286,75.697144,67.722931,137610200
10/29/2013,76.610001,77.035713,73.505714,73.811432,66.035889,158951800
10/30/2013,74.230003,75.360001,73.860001,74.985718,67.086464,88540900
10/31/2013,75,75.355713,74.46714,74.671425,66.805275,68924100
11/1/2013,74.860001,74.971428,73.691429,74.290001,66.464012,68722500
11/4/2013,74.442856,75.260002,74.115715,75.25,67.322884,61156900
11/5/2013,74.940002,75.555717,74.714287,75.064285,67.156746,66303300
11/6/2013,74.878571,74.980003,74.028572,74.417145,66.966484,55843900
11/7/2013,74.225716,74.741432,73.197144,73.21286,65.882751,65655100
11/8/2013,73.511429,74.447144,73.227142,74.365715,66.920204,69829200
11/11/2013,74.284286,74.524284,73.487144,74.150002,66.726067,56863100
11/12/2013,73.952858,74.845711,73.85714,74.28714,66.84948,51069200
11/13/2013,74,74.60714,73.851425,74.375717,66.929192,49305200
11/14/2013,74.687141,75.611427,74.552856,75.451431,67.89724,70604800
11/15/2013,75.225716,75.584282,74.927139,74.998573,67.489693,79480100
11/18/2013,74.998573,75.312859,74.028572,74.089996,66.672089,61236000
11/19/2013,74.147141,74.76857,73.995712,74.221428,66.790359,52234700
11/20/2013,74.175713,74.345711,73.475716,73.571426,66.205444,48479200
11/21/2013,73.942856,74.458572,73.381432,74.44857,66.994759,65506700
11/22/2013,74.21714,74.594284,74.075714,74.257141,66.822495,55931400
11/25/2013,74.431427,75.124283,74.428574,74.82,67.32901,57327900
11/26/2013,74.874283,76.591431,74.85714,76.199997,68.570824,100345700
11/27/2013,76.615715,78,76.199997,77.994286,70.185463,90862100
11/29/2013,78.497147,79.761429,78.258568,79.438568,71.485153,79531900
12/2/2013,79.714287,80.618568,78.688568,78.747147,70.862946,118136200
12/3/2013,79.757141,80.91143,79.668571,80.902855,72.802834,112742000
12/4/2013,80.785713,81.312859,80.117142,80.714287,72.633133,94452400
12/5/2013,81.807144,82.162857,80.915718,81.128571,73.005959,111895000
12/6/2013,80.827141,80.964287,79.938568,80.002853,71.99295,86088100
12/9/2013,80.128571,81.368568,80.128571,80.918571,72.816994,80123400
12/10/2013,80.511429,81.125717,80.171425,80.792854,72.70385,69567400
12/11/2013,81,81.567146,79.955711,80.194283,72.165207,89929700
12/12/2013,80.305717,80.762856,80.004288,80.077141,72.059807,65572500
12/13/2013,80.407143,80.41143,79.095711,79.204285,71.27433,83205500
12/16/2013,79.288574,80.377144,79.28714,79.64286,71.668976,70648200
12/17/2013,79.401428,79.919998,79.054283,79.284286,71.346321,57475600
12/18/2013,78.528572,78.778572,76.971428,78.681427,70.803841,141465800
12/19/2013,78.5,78.571426,77.675713,77.779999,69.992645,80077200
12/20/2013,77.918571,78.80143,77.831429,78.431427,70.578842,109103400
12/23/2013,81.14286,81.531425,80.394287,81.441429,73.287506,125326600
12/24/2013,81.412857,81.697144,80.861427,81.095711,72.976387,41888700
12/26/2013,81.157143,81.35714,80.482857,80.557144,72.491737,51002000
12/27/2013,80.545715,80.629997,79.928574,80.012856,72.001923,56471100
12/30/2013,79.637146,80.012856,78.902855,79.21714,71.285904,63407400
12/31/2013,79.167145,80.182854,79.14286,80.145714,72.121513,55771100
1/2/2014,79.382858,79.575714,78.860001,79.01857,71.107201,58671200
1/3/2014,78.980003,79.099998,77.204285,77.28286,69.545288,98116900
1/6/2014,76.778572,78.114288,76.228569,77.704285,69.924515,103152700
1/7/2014,77.760002,77.994286,76.845711,77.148575,69.424438,79302300
1/8/2014,76.972855,77.937141,76.955711,77.637146,69.864105,64632400
1/9/2014,78.114288,78.122856,76.478569,76.645714,68.971939,69787200
1/10/2014,77.118568,77.257141,75.872856,76.134285,68.511696,76244000
1/13/2014,75.701431,77.5,75.697144,76.53286,68.870354,94623200
1/14/2014,76.888573,78.104286,76.808571,78.055717,70.240776,83140400
1/15/2014,79.074287,80.028572,78.808571,79.622856,71.651016,97909700
1/16/2014,79.271431,79.550003,78.811432,79.178574,71.25119,57319500
1/17/2014,78.78286,78.867142,77.128571,77.238571,69.505417,106684900
1/21/2014,77.284286,78.581429,77.202858,78.438568,70.585274,82131700
1/22/2014,78.701431,79.612854,78.258568,78.78714,70.898949,94996300
1/23/2014,78.562859,79.5,77.830002,79.454285,71.499313,100809800
1/24/2014,79.14286,79.374283,77.821426,78.010002,70.199638,107338700
1/27/2014,78.581429,79.257141,77.964287,78.64286,70.769104,138719700
1/28/2014,72.68,73.571426,71.724289,72.35714,65.112747,266380800
1/29/2014,71.992859,72.48143,71.23143,71.535713,64.373535,125702500
1/30/2014,71.791428,72.35714,70.957146,71.397141,64.248833,169625400
1/31/2014,70.739998,71.647141,70.507141,71.514282,64.354248,116199300
2/3/2014,71.80143,72.53286,71.328575,71.647141,64.473801,100366000
2/4/2014,72.264282,72.779999,71.822861,72.684288,65.407135,94170300
2/5/2014,72.365715,73.611427,72.321426,73.227142,65.89563,82086200
2/6/2014,72.865715,73.35714,72.544289,73.215714,66.279694,64441300
2/7/2014,74.482857,74.704285,73.91143,74.239998,67.206963,92570100
2/10/2014,74.094284,75.998573,74,75.57,68.41095,86389800
2/11/2014,75.80143,76.821426,75.64286,76.565712,69.312332,70564200
2/12/2014,76.707146,77.080002,76.177139,76.559998,69.307167,77025200
2/13/2014,76.379997,77.835716,76.314285,77.775711,70.407707,76849500
2/14/2014,77.495712,77.997147,77.315712,77.71286,70.35083,68231100
2/18/2014,78,78.741432,77.944283,77.998573,70.609474,65062900
2/19/2014,77.821426,78.127144,76.335716,76.767143,69.494705,78442000
2/20/2014,76.141426,76.714287,75.571426,75.878571,68.690308,76464500
2/21/2014,76.112854,76.367142,74.942856,75.035713,67.927292,69696200
2/24/2014,74.735718,75.702858,74.631432,75.364288,68.224747,72227400
2/25/2014,75.625717,75.652855,74.428574,74.580002,67.51474,57988000
2/26/2014,74.80143,75,73.657143,73.907143,66.905632,69054300
2/27/2014,73.877144,75.540001,73.721428,75.381432,68.240265,75470500
2/28/2014,75.582855,76.10714,74.58857,75.177139,68.055313,92992200
3/3/2014,74.774284,75.807144,74.687141,75.394287,68.2519,59695300
3/4/2014,75.85714,76.091431,75.395714,75.891426,68.701942,64785000
3/5/2014,75.845711,76.39286,75.589996,76.05143,68.846786,50015700
3/6/2014,76.112854,76.348572,75.442856,75.821426,68.638573,46372200
3/7/2014,75.870003,75.997147,75.150002,75.777145,68.59848,55182400
3/10/2014,75.480003,76.190002,75.477142,75.845711,68.660553,44646000
3/11/2014,76.492859,76.96286,76.084282,76.584282,69.32914,69806100
3/12/2014,76.358574,76.764282,76,76.658569,69.3964,49831600
3/13/2014,76.777145,77.094284,75.594284,75.807144,68.625633,64435700
3/14/2014,75.541428,75.841431,74.714287,74.955711,67.854874,59299800
3/17/2014,75.385712,75.709999,75.121429,75.248573,68.120003,49886200
3/18/2014,75.128571,75.995712,75.028572,75.914284,68.722649,52411800
3/19/2014,76.03714,76.605713,75.571426,75.894287,68.704536,56189000
3/20/2014,75.69857,76.095711,75.335716,75.528572,68.373459,52099600
3/21/2014,75.989998,76.25,75.190002,76.124283,68.912712,93511600
3/24/2014,76.917145,77.214287,76.437141,77.027145,69.730057,88925200
3/25/2014,77.35714,77.964287,77.084282,77.855713,70.480148,70573300
3/26/2014,78.074287,78.428574,76.980003,77.111427,69.806358,74942000
3/27/2014,77.145714,77.35714,76.445717,76.779999,69.506332,55507900
3/28/2014,76.902855,76.991432,76.321426,76.694283,69.428749,50141000
3/31/2014,77.03286,77.258568,76.561432,76.677139,69.413216,42167300
4/1/2014,76.822861,77.410004,76.681427,77.378571,70.048203,50190000
4/2/2014,77.482857,77.639999,77.18,77.507141,70.164581,45105200
4/3/2014,77.341431,77.5,76.805717,76.970001,69.678329,40586000
4/4/2014,77.115715,77.14286,75.797142,75.974289,68.776962,68812800
4/7/2014,75.431427,75.842857,74.555717,74.781425,67.697105,72462600
4/8/2014,75.027145,75.160004,74.099998,74.777145,67.693222,60972100
4/9/2014,74.662857,75.784286,74.574287,75.760002,68.582962,51542400
4/10/2014,75.811432,76.034286,74.738571,74.78286,67.698395,59913000
4/11/2014,74.14286,74.690002,73.877144,74.230003,67.197906,67929400
4/14/2014,74.557144,74.594284,73.887146,74.525711,67.465599,51418500
4/15/2014,74.324287,74.519997,73.047142,73.994286,66.98452,66622500
4/16/2014,74.007141,74.441429,73.44857,74.144287,67.1203,53691400
4/17/2014,74.285713,75.394287,74.171425,74.991432,67.887184,71083600
4/21/2014,75.048569,76.019997,74.851425,75.881432,68.692894,45637200
4/22/2014,75.472855,75.975716,75.214287,75.957146,68.761436,50640800
4/23/2014,75.580002,75.875717,74.921425,74.964287,67.862625,98735000
4/24/2014,81.172859,81.428574,80.104286,81.110001,73.426125,189977900
4/25/2014,80.647141,81.71286,80.565712,81.705711,73.965424,97568800
4/28/2014,81.828575,85.10714,81.792854,84.870003,76.829926,167371400
4/29/2014,84.82,85.139999,84.215714,84.618568,76.602325,84344400
4/30/2014,84.662857,85.632858,84.257141,84.298569,76.312637,114160200
5/1/2014,84.571426,84.971428,83.765717,84.497147,76.492416,61012000
5/2/2014,84.620003,84.885712,84.244286,84.654289,76.634659,47878600
5/5/2014,84.305717,85.85714,84.285713,85.851425,77.718399,71766800
5/6/2014,85.971428,86.344284,84.915718,84.915718,76.871338,93641100
5/7/2014,85.035713,85.327141,83.961426,84.618568,76.602325,70716100
5/8/2014,84.035713,84.915718,83.771431,83.998573,76.465782,57574300
5/9/2014,83.505714,83.75,82.904289,83.648575,76.147163,72899400
5/12/2014,83.927139,84.808571,83.914284,84.690002,77.095222,53302200
5/13/2014,84.571426,84.934288,84.385712,84.822861,77.216141,39934300
5/14/2014,84.632858,85.342857,84.534286,84.83857,77.230438,41601000
5/15/2014,84.957146,85.228569,84.005714,84.117142,76.573708,57711500
5/16/2014,84.089996,85.361427,83.628571,85.358574,77.703812,69064100
5/19/2014,85.407143,86.761429,85.332855,86.370003,78.624557,79438800
5/20/2014,86.358574,86.628571,85.818573,86.387146,78.640152,58709000
5/21/2014,86.261429,86.671425,86.008568,86.615715,78.848228,49214900
5/22/2014,86.657143,87.121429,86.300003,86.752853,78.973053,50190000
5/23/2014,86.75,87.818573,86.638573,87.732857,79.865181,58052400
5/27/2014,87.982857,89.408569,87.947144,89.375717,81.36071,87216500
5/28/2014,89.431427,89.975716,89.111427,89.144287,81.150032,78870400
5/29/2014,89.692856,90.98143,89.681427,90.76857,82.628647,94118500
5/30/2014,91.139999,92.024284,89.842857,90.428574,82.319153,141005200
6/2/2014,90.565712,90.690002,88.928574,89.807144,81.753456,92337700
6/3/2014,89.779999,91.248573,89.75,91.077141,82.909561,73177300
6/4/2014,91.062859,92.555717,90.872856,92.117142,83.856285,83870500
6/5/2014,92.314285,92.767143,91.80143,92.478569,84.185326,75951400
6/6/2014,92.842857,93.03714,92.067146,92.224289,83.953819,87484600
6/9/2014,92.699997,93.879997,91.75,93.699997,85.297188,75415000
6/10/2014,94.730003,95.050003,93.57,94.25,85.797882,62777000
6/11/2014,94.129997,94.760002,93.470001,93.860001,85.442848,45681000
6/12/2014,94.040001,94.120003,91.900002,92.290001,84.013641,54749000
6/13/2014,92.199997,92.440002,90.879997,91.279999,83.094223,54525000
6/16/2014,91.510002,92.75,91.449997,92.199997,83.931717,35561000
6/17/2014,92.309998,92.699997,91.800003,92.080002,83.822487,29726000
6/18/2014,92.269997,92.290001,91.349998,92.18,83.913513,33514000
6/19/2014,92.290001,92.300003,91.339996,91.860001,83.622215,35528000
6/20/2014,91.849998,92.550003,90.900002,90.910004,82.757423,100898000
6/23/2014,91.32,91.620003,90.599998,90.830002,82.684586,43694000
6/24/2014,90.75,91.739998,90.190002,90.279999,82.183914,39036000
6/25/2014,90.209999,90.699997,89.650002,90.360001,82.256729,36869000
6/26/2014,90.370003,91.050003,89.800003,90.900002,82.748299,32629000
6/27/2014,90.82,92,90.769997,91.980003,83.731461,64029000
6/30/2014,92.099998,93.730003,92.089996,92.93,84.59626,49482300
7/1/2014,93.519997,94.07,93.129997,93.519997,85.133339,38223000
7/2/2014,93.870003,94.059998,93.089996,93.480003,85.096939,28465000
7/3/2014,93.669998,94.099998,93.199997,94.029999,85.597595,22891800
7/7/2014,94.139999,95.989998,94.099998,95.970001,87.36364,56468000
7/8/2014,96.269997,96.800003,93.919998,95.349998,86.799232,65222000
7/9/2014,95.440002,95.949997,94.760002,95.389999,86.83564,36436000
7/10/2014,93.760002,95.550003,93.519997,95.040001,86.517044,39686000
7/11/2014,95.360001,95.889999,94.860001,95.220001,86.680893,34018000
7/14/2014,95.860001,96.889999,95.650002,96.449997,87.800583,42810000
7/15/2014,96.800003,96.849998,95.029999,95.32,86.771927,45477900
7/16/2014,96.970001,97.099998,94.739998,94.779999,86.280357,53396300
7/17/2014,95.029999,95.279999,92.57,93.089996,84.741905,57298000
7/18/2014,93.620003,94.739998,93.019997,94.43,85.961739,49988000
7/21/2014,94.989998,95,93.720001,93.940002,85.515701,39079000
7/22/2014,94.68,94.889999,94.120003,94.720001,86.225731,55197000
7/23/2014,95.419998,97.879997,95.169998,97.190002,88.474243,92918000
7/24/2014,97.040001,97.32,96.419998,97.029999,88.328583,45729000
7/25/2014,96.849998,97.839996,96.639999,97.669998,88.911179,43469000
7/28/2014,97.82,99.239998,97.550003,99.019997,90.140106,55318000
7/29/2014,99.330002,99.440002,98.25,98.379997,89.557503,43143000
7/30/2014,98.440002,98.699997,97.669998,98.150002,89.348145,33010000
7/31/2014,97.160004,97.449997,95.330002,95.599998,87.026825,56843000
8/1/2014,94.900002,96.620003,94.809998,96.129997,87.509277,48511000
8/4/2014,96.370003,96.580002,95.169998,95.589996,87.017715,39958000
8/5/2014,95.360001,95.68,94.360001,95.120003,86.589867,55933000
8/6/2014,94.75,95.480003,94.709999,94.959999,86.444214,38558000
8/7/2014,94.93,95.949997,94.099998,94.480003,86.435051,46711000
8/8/2014,94.260002,94.82,93.279999,94.739998,86.672913,41865000
8/11/2014,95.269997,96.080002,94.839996,95.989998,87.81649,36585000
8/12/2014,96.040001,96.879997,95.610001,95.970001,87.798195,33795000
8/13/2014,96.150002,97.239998,96.040001,97.239998,88.960045,31916000
8/14/2014,97.330002,97.57,96.800003,97.5,89.197899,28116000
8/15/2014,97.900002,98.190002,96.860001,97.980003,89.637047,48951000
8/18/2014,98.489998,99.370003,97.980003,99.160004,90.716583,47572000
8/19/2014,99.410004,100.68,99.32,100.529999,91.96991,69399000
8/20/2014,100.440002,101.089996,99.949997,100.57,92.006516,52699000
8/21/2014,100.57,100.940002,100.110001,100.580002,92.015656,33478000
8/22/2014,100.290001,101.470001,100.190002,101.32,92.692642,44184000
8/25/2014,101.790001,102.169998,101.279999,101.540001,92.893921,40270000
8/26/2014,101.419998,101.5,100.860001,100.889999,92.299255,33152000
8/27/2014,101.019997,102.57,100.699997,102.129997,93.43367,52369000
8/28/2014,101.589996,102.779999,101.559998,102.25,93.543465,68460000
8/29/2014,102.860001,102.900002,102.199997,102.5,93.772141,44595000
9/2/2014,103.059998,103.739998,102.720001,103.300003,94.504051,53564000
9/3/2014,103.099998,103.199997,98.580002,98.940002,90.515305,125421000
9/4/2014,98.849998,100.089996,97.790001,98.120003,89.765106,85718000
9/5/2014,98.800003,99.389999,98.309998,98.970001,90.542747,58457000
9/8/2014,99.300003,99.309998,98.050003,98.360001,89.984695,46356700
9/9/2014,99.080002,103.080002,96.139999,97.989998,89.646179,189846300
9/10/2014,98.010002,101.110001,97.760002,101,92.399879,100869600
9/11/2014,100.410004,101.440002,99.620003,101.43,92.793266,62353100
9/12/2014,101.209999,102.190002,101.080002,101.660004,93.0037,62626100
9/15/2014,102.809998,103.050003,101.440002,101.629997,92.976242,61316500
9/16/2014,99.800003,101.260002,98.889999,100.860001,92.271805,66908100
9/17/2014,101.269997,101.800003,100.589996,101.580002,92.930489,60926500
9/18/2014,101.93,102.349998,101.559998,101.790001,93.12262,37299400
9/19/2014,102.290001,102.349998,100.5,100.959999,92.363297,70902400
9/22/2014,101.800003,102.139999,100.580002,101.059998,92.454758,52788400
9/23/2014,100.599998,102.940002,100.540001,102.639999,93.900253,63402200
9/24/2014,102.160004,102.849998,101.199997,101.75,93.086029,60171800
9/25/2014,100.510002,100.709999,97.720001,97.870003,89.536415,100092000
9/26/2014,98.529999,100.75,98.400002,100.75,92.171188,62370500
9/29/2014,98.650002,100.440002,98.629997,100.110001,91.585663,49766300
9/30/2014,100.809998,101.540001,100.529999,100.75,92.171188,55264100
10/1/2014,100.589996,100.690002,98.699997,99.18,90.734871,51491300
10/2/2014,99.269997,100.220001,98.040001,99.900002,91.393555,47757800
10/3/2014,99.440002,100.209999,99.040001,99.620003,91.13739,43469600
10/6/2014,99.949997,100.650002,99.419998,99.620003,91.13739,37051200
10/7/2014,99.43,100.120003,98.730003,98.75,90.341476,42094200
10/8/2014,98.760002,101.110001,98.309998,100.800003,92.216919,57404700
10/9/2014,101.540001,102.379997,100.610001,101.019997,92.418167,77376500
10/10/2014,100.690002,102.029999,100.300003,100.730003,92.15287,66331600
10/13/2014,101.330002,101.779999,99.809998,99.809998,91.311218,53583400
10/14/2014,100.389999,100.519997,98.57,98.75,90.341476,63688600
10/15/2014,97.970001,99.150002,95.18,97.540001,89.234497,100933600
10/16/2014,95.550003,97.720001,95.410004,96.260002,88.063492,72154500
10/17/2014,97.5,99,96.809998,97.669998,89.353439,68179700
10/20/2014,98.32,99.959999,98.220001,99.760002,91.265472,77517300
10/21/2014,103.019997,103.019997,101.269997,102.470001,93.744705,94623900
10/22/2014,102.839996,104.110001,102.599998,102.989998,94.220428,68263100
10/23/2014,104.080002,105.050003,103.629997,104.830002,95.903763,71074700
10/24/2014,105.18,105.489998,104.529999,105.220001,96.260551,47053900
10/27/2014,104.849998,105.480003,104.699997,105.110001,96.159904,34187700
10/28/2014,105.400002,106.739998,105.349998,106.739998,97.651108,48060900
10/29/2014,106.650002,107.370003,106.360001,107.339996,98.200035,52687900
10/30/2014,106.959999,107.349998,105.900002,106.980003,97.870689,40654800
10/31/2014,108.010002,108.040001,107.209999,108,98.803833,44639300
11/3/2014,108.220001,110.300003,108.010002,109.400002,100.084625,52282600
11/4/2014,109.360001,109.489998,107.720001,108.599998,99.35276,41574400
11/5/2014,109.099998,109.300003,108.129997,108.860001,99.59063,37435900
11/6/2014,108.599998,108.790001,107.800003,108.699997,99.875427,34968500
11/7/2014,108.75,109.32,108.550003,109.010002,100.160294,33691500
11/10/2014,109.019997,109.330002,108.669998,108.830002,99.994888,27195500
11/11/2014,108.699997,109.75,108.400002,109.699997,100.79425,27442300
11/12/2014,109.379997,111.43,109.370003,111.25,102.21843,46942400
11/13/2014,111.800003,113.449997,111.599998,112.82,103.660957,59522900
11/14/2014,113.150002,114.190002,111.209999,114.18,104.910561,44063600
11/17/2014,114.269997,117.279999,113.300003,113.989998,104.735992,46746700
11/18/2014,113.940002,115.690002,113.889999,115.470001,106.09584,44224000
11/19/2014,115.440002,115.739998,113.800003,114.669998,105.360786,41869200
11/20/2014,114.910004,116.860001,114.849998,116.309998,106.86763,43395500
11/21/2014,117.510002,117.57,116.029999,116.470001,107.014664,57179300
11/24/2014,116.849998,118.769997,116.620003,118.629997,108.999298,47450800
11/25/2014,119.07,119.75,117.449997,117.599998,108.05291,68840400
11/26/2014,117.940002,119.099998,117.830002,119,109.339249,40768300
11/28/2014,119.269997,119.400002,118.050003,118.93,109.274948,24814400
12/1/2014,118.809998,119.25,111.269997,115.07,105.728317,83814000
12/2/2014,113.5,115.75,112.75,114.629997,105.32402,59348900
12/3/2014,115.75,116.349998,115.110001,115.93,106.518494,43063400
12/4/2014,115.769997,117.199997,115.290001,115.489998,106.114204,42044500
12/5/2014,115.989998,116.080002,114.639999,115,105.663986,38318900
12/8/2014,114.099998,114.650002,111.620003,112.400002,103.275063,57664900
12/9/2014,110.190002,114.300003,109.349998,114.120003,104.855431,60208000
12/10/2014,114.410004,114.849998,111.540001,111.949997,102.86161,44565300
12/11/2014,112.260002,113.800003,111.339996,111.620003,102.558395,41401700
12/12/2014,110.459999,111.870003,109.580002,109.730003,100.821831,56028100
12/15/2014,110.699997,111.599998,106.349998,108.230003,99.443619,67218100
12/16/2014,106.370003,110.160004,106.260002,106.75,98.08374,60790700
12/17/2014,107.120003,109.839996,106.82,109.410004,100.527809,53411800
12/18/2014,111.870003,112.650002,110.660004,112.650002,103.504761,59006200
12/19/2014,112.260002,113.239998,111.660004,111.779999,102.705391,88429800
12/22/2014,112.160004,113.489998,111.970001,112.940002,103.771225,45167500
12/23/2014,113.230003,113.330002,112.459999,112.540001,103.403709,26028400
12/24/2014,112.580002,112.709999,112.010002,112.010002,102.916725,14479600
12/26/2014,112.099998,114.519997,112.010002,113.989998,104.735992,33721000
12/29/2014,113.790001,114.769997,113.699997,113.910004,104.662506,27598900
12/30/2014,113.639999,113.919998,112.110001,112.519997,103.385315,29881500
12/31/2014,112.82,113.129997,110.209999,110.379997,101.41906,41403400
1/2/2015,111.389999,111.440002,107.349998,109.330002,100.4543,53204600
1/5/2015,108.290001,108.650002,105.410004,106.25,97.624336,64285500
1/6/2015,106.540001,107.43,104.629997,106.260002,97.633545,65797100
1/7/2015,107.199997,108.199997,106.699997,107.75,99.002556,40105900
1/8/2015,109.230003,112.150002,108.699997,111.889999,102.80648,59364500
1/9/2015,112.669998,113.25,110.209999,112.010002,102.916725,53699500
1/12/2015,112.599998,112.629997,108.800003,109.25,100.380791,49650800
1/13/2015,111.43,112.800003,108.910004,110.220001,101.272049,67091900
1/14/2015,109.040001,110.489998,108.5,109.800003,100.886154,48956600
1/15/2015,110,110.059998,106.660004,106.82,98.148056,60014000
1/16/2015,107.029999,107.580002,105.199997,105.989998,97.385445,78513300
1/20/2015,107.839996,108.970001,106.5,108.720001,99.893822,49899900
1/21/2015,108.949997,111.059998,108.269997,109.550003,100.656441,48575900
1/22/2015,110.260002,112.470001,109.720001,112.400002,103.275063,53796400
1/23/2015,112.300003,113.75,111.529999,112.980003,103.807991,46464800
1/26/2015,113.739998,114.360001,112.800003,113.099998,103.918228,55615000
1/27/2015,112.419998,112.480003,109.029999,109.139999,100.279716,95568700
1/28/2015,117.629997,118.120003,115.309998,115.309998,105.948822,146477100
1/29/2015,116.32,119.190002,115.559998,118.900002,109.247391,84436400
1/30/2015,118.400002,120,116.849998,117.160004,107.648643,83745500
2/2/2015,118.050003,119.169998,116.080002,118.629997,108.999298,62739100
2/3/2015,118.5,119.089996,117.610001,118.650002,109.017654,51915700
2/4/2015,118.5,120.510002,118.309998,119.559998,109.853806,70149700
2/5/2015,120.019997,120.230003,119.25,119.940002,110.637886,42246200
2/6/2015,120.019997,120.25,118.449997,118.93,109.7062,43706600
2/9/2015,118.550003,119.839996,118.43,119.720001,110.434944,38889800
2/10/2015,120.169998,122.150002,120.160004,122.019997,112.556557,62008500
2/11/2015,122.769997,124.919998,122.5,124.879997,115.194748,73561800
2/12/2015,126.059998,127.480003,125.57,126.459999,116.652199,74474500
2/13/2015,127.279999,127.279999,125.650002,127.080002,117.224121,54272200
2/17/2015,127.489998,128.880005,126.919998,127.830002,117.915962,63152400
2/18/2015,127.629997,128.779999,127.449997,128.720001,118.736946,44891700
2/19/2015,128.479996,129.029999,128.330002,128.449997,118.487869,37362400
2/20/2015,128.619995,129.5,128.050003,129.5,119.456444,48948400
2/23/2015,130.020004,133,129.660004,133,122.684975,70974100
2/24/2015,132.940002,133.600006,131.169998,132.169998,121.919357,69228100
2/25/2015,131.559998,131.600006,128.149994,128.789993,118.801491,74711700
2/26/2015,128.789993,130.869995,126.610001,130.419998,120.305084,91287500
2/27/2015,130,130.570007,128.240005,128.460007,118.497116,62014800
3/2/2015,129.25,130.279999,128.300003,129.089996,119.078239,48096700
3/3/2015,128.960007,129.520004,128.089996,129.360001,119.327293,37816300
3/4/2015,129.100006,129.559998,128.320007,128.539993,118.570885,31666300
3/5/2015,128.580002,128.75,125.760002,126.410004,116.606094,56517100
3/6/2015,128.399994,129.369995,126.260002,126.599998,116.781349,72842100
3/9/2015,127.959999,129.570007,125.059998,127.139999,117.279457,88528500
3/10/2015,126.410004,127.220001,123.800003,124.510002,114.853432,68856600
3/11/2015,124.75,124.769997,122.110001,122.239998,112.759514,68939000
3/12/2015,122.309998,124.900002,121.629997,124.449997,114.798103,48362700
3/13/2015,124.400002,125.400002,122.580002,123.589996,114.004791,51827300
3/16/2015,123.879997,124.949997,122.870003,124.949997,115.259315,35874300
3/17/2015,125.900002,127.32,125.650002,127.040001,117.187233,51023100
3/18/2015,127,129.160004,126.370003,128.470001,118.50631,65270900
3/19/2015,128.75,129.25,127.400002,127.5,117.611565,45809500
3/20/2015,128.25,128.399994,125.160004,125.900002,116.135651,68695100
3/23/2015,127.120003,127.849998,126.519997,127.209999,117.344032,37709700
3/24/2015,127.230003,128.039993,126.559998,126.690002,116.864365,32842300
3/25/2015,126.540001,126.82,123.379997,123.379997,113.811096,51655200
3/26/2015,122.760002,124.879997,122.599998,124.239998,114.604393,47572900
3/27/2015,124.57,124.699997,122.910004,123.25,113.69117,39546200
3/30/2015,124.050003,126.400002,124,126.370003,116.569206,47099700
3/31/2015,126.089996,126.489998,124.360001,124.43,114.779648,42090600
4/1/2015,124.82,125.120003,123.099998,124.25,114.613602,40621400
4/2/2015,125.029999,125.559998,124.190002,125.32,115.600616,32220100
4/6/2015,124.470001,127.510002,124.330002,127.349998,117.47319,37194000
4/7/2015,127.639999,128.119995,125.980003,126.010002,116.237122,35012300
4/8/2015,125.849998,126.400002,124.970001,125.599998,115.85891,37329200
4/9/2015,125.849998,126.580002,124.660004,126.559998,116.744446,32484000
4/10/2015,125.949997,127.209999,125.260002,127.099998,117.242592,40188000
4/13/2015,128.369995,128.570007,126.610001,126.849998,117.011948,36365100
4/14/2015,127,127.290001,125.910004,126.300003,116.504623,25524600
4/15/2015,126.410004,127.129997,126.010002,126.779999,116.94738,28970400
4/16/2015,126.279999,127.099998,126.110001,126.169998,116.384705,28369000
4/17/2015,125.550003,126.139999,124.459999,124.75,115.074821,51957000
4/20/2015,125.57,128.119995,125.169998,127.599998,117.703796,47054300
4/21/2015,128.100006,128.199997,126.669998,126.910004,117.067322,32435100
4/22/2015,126.989998,128.869995,126.32,128.619995,118.644707,37654500
4/23/2015,128.300003,130.419998,128.139999,129.669998,119.613266,45770900
4/24/2015,130.490005,130.630005,129.229996,130.279999,120.175949,44525900
4/27/2015,132.309998,133.130005,131.149994,132.649994,122.362091,96954200
4/28/2015,134.460007,134.539993,129.570007,130.559998,120.434235,118924000
4/29/2015,130.160004,131.589996,128.300003,128.639999,118.663147,63386100
4/30/2015,128.639999,128.639999,124.580002,125.150002,115.44381,83195400
5/1/2015,126.099998,130.130005,125.300003,128.949997,118.949089,58512600
5/4/2015,129.5,130.570007,128.259995,128.699997,118.718491,50988300
5/5/2015,128.149994,128.449997,125.779999,125.800003,116.043396,49271400
5/6/2015,126.559998,126.75,123.360001,125.010002,115.314674,72141000
5/7/2015,124.769997,126.080002,124.019997,125.260002,116.027908,43940900
5/8/2015,126.68,127.620003,126.110001,127.620003,118.213974,55550400
5/11/2015,127.389999,127.559998,125.629997,126.32,117.009789,42035800
5/12/2015,125.599998,126.879997,124.82,125.870003,116.592957,48160000
5/13/2015,126.150002,127.190002,125.870003,126.010002,116.722656,34694200
5/14/2015,127.410004,128.949997,127.160004,128.949997,119.445946,45203500
5/15/2015,129.070007,129.490005,128.210007,128.770004,119.279213,38208000
5/18/2015,128.380005,130.720001,128.360001,130.190002,120.594551,50882900
5/19/2015,130.690002,130.880005,129.639999,130.070007,120.483398,44633200
5/20/2015,130,130.979996,129.339996,130.059998,120.474144,36454900
5/21/2015,130.070007,131.630005,129.830002,131.389999,121.706139,39730400
5/22/2015,131.600006,132.970001,131.399994,132.539993,122.77137,45596000
5/26/2015,132.600006,132.910004,129.119995,129.619995,120.066551,70697600
5/27/2015,130.339996,132.259995,130.050003,132.039993,122.308205,45833200
5/28/2015,131.860001,131.949997,131.100006,131.779999,122.067375,30733300
5/29/2015,131.229996,131.449997,129.899994,130.279999,120.677933,50884500
6/1/2015,130.279999,131.389999,130.050003,130.539993,120.918762,32112800
6/2/2015,129.860001,130.660004,129.320007,129.960007,120.381523,33667600
6/3/2015,130.660004,130.940002,129.899994,130.119995,120.529716,30983500
6/4/2015,129.580002,130.580002,128.910004,129.360001,119.825737,38450100
6/5/2015,129.5,129.690002,128.360001,128.649994,119.168053,35626800
6/8/2015,128.899994,129.210007,126.830002,127.800003,118.380714,52674800
6/9/2015,126.699997,128.080002,125.620003,127.419998,118.028717,56075400
6/10/2015,127.919998,129.339996,127.849998,128.880005,119.381111,39087300
6/11/2015,129.179993,130.179993,128.479996,128.589996,119.112488,35390900
6/12/2015,128.190002,128.330002,127.110001,127.169998,117.79715,36886200
6/15/2015,126.099998,127.239998,125.709999,126.919998,117.565575,43988900
6/16/2015,127.029999,127.849998,126.370003,127.599998,118.195457,31494100
6/17/2015,127.720001,127.879997,126.739998,127.300003,117.917557,32918100
6/18/2015,127.230003,128.309998,127.220001,127.879997,118.454803,35407200
6/19/2015,127.709999,127.82,126.400002,126.599998,117.269157,54716900
6/22/2015,127.489998,128.059998,127.080002,127.610001,118.204712,34039300
6/23/2015,127.480003,127.610001,126.879997,127.029999,117.667465,30268900
6/24/2015,127.209999,129.800003,127.120003,128.110001,118.66787,55280900
6/25/2015,128.860001,129.199997,127.5,127.5,118.102837,31938100
6/26/2015,127.669998,127.989998,126.510002,126.75,117.408104,44066800
6/29/2015,125.459999,126.470001,124.480003,124.529999,115.351707,49161400
6/30/2015,125.57,126.120003,124.860001,125.43,116.185387,44370700
7/1/2015,126.900002,126.940002,125.989998,126.599998,117.269157,30238800
7/2/2015,126.43,126.690002,125.769997,126.440002,117.120941,27211000
7/6/2015,124.940002,126.230003,124.849998,126,116.713364,28060400
7/7/2015,125.889999,126.150002,123.769997,125.690002,116.426216,46946800
7/8/2015,124.480003,124.639999,122.540001,122.57,113.536186,60761600
7/9/2015,123.849998,124.059998,119.220001,120.07,111.220444,78595000
7/10/2015,121.940002,123.849998,121.209999,123.279999,114.193848,61354500
7/13/2015,125.029999,125.760002,124.32,125.660004,116.398453,41440500
7/14/2015,126.040001,126.370003,125.040001,125.610001,116.352112,31768100
7/15/2015,125.720001,127.150002,125.580002,126.82,117.472946,33649200
7/16/2015,127.739998,128.570007,127.349998,128.509995,119.038376,36222400
7/17/2015,129.080002,129.619995,128.309998,129.619995,120.066551,46164700
7/20/2015,130.970001,132.970001,130.699997,132.070007,122.335999,58900200
7/21/2015,132.850006,132.919998,130.320007,130.75,121.113289,76756400
7/22/2015,121.989998,125.5,121.989998,125.220001,115.990868,115450600
7/23/2015,126.199997,127.089996,125.059998,125.160004,115.935295,50999500
7/24/2015,125.32,125.739998,123.900002,124.5,115.323929,42162300
7/27/2015,123.089996,123.610001,122.120003,122.769997,113.721443,44455500
7/28/2015,123.379997,123.910004,122.550003,123.379997,114.286491,33618100
7/29/2015,123.150002,123.5,122.269997,122.989998,113.925224,37011700
7/30/2015,122.32,122.57,121.709999,122.370003,113.350945,33628300
7/31/2015,122.599998,122.639999,120.910004,121.300003,112.359787,42885000
8/3/2015,121.5,122.57,117.519997,118.440002,109.710579,69976000
8/4/2015,117.419998,117.699997,113.25,114.639999,106.190651,124138600
8/5/2015,112.949997,117.440002,112.099998,115.400002,106.89463,99312600
8/6/2015,115.970001,116.5,114.120003,115.129997,107.127243,52903000
8/7/2015,114.580002,116.25,114.5,115.519997,107.490135,38670400
8/10/2015,116.529999,119.989998,116.529999,119.720001,111.398201,54951600
8/11/2015,117.809998,118.18,113.330002,113.489998,105.601257,97082800
8/12/2015,112.529999,115.419998,109.629997,115.239998,107.229599,101217500
8/13/2015,116.040001,116.400002,114.540001,115.150002,107.145874,48535800
8/14/2015,114.32,116.309998,114.010002,115.959999,107.899559,42929500
8/17/2015,116.040001,117.650002,115.5,117.160004,109.016144,40884700
8/18/2015,116.43,117.440002,116.010002,116.5,108.402016,34560700
8/19/2015,116.099998,116.519997,114.68,115.010002,107.015587,48286500
8/20/2015,114.080002,114.349998,111.629997,112.650002,104.819656,68501600
8/21/2015,110.43,111.900002,105.650002,105.760002,98.408554,128275500
8/24/2015,94.870003,108.800003,92,103.120003,95.952095,162206300
8/25/2015,111.110001,111.110001,103.5,103.739998,96.528969,103601600
8/26/2015,107.089996,109.889999,105.050003,109.690002,102.065392,96774600
8/27/2015,112.230003,113.239998,110.019997,112.919998,105.070885,84616100
8/28/2015,112.169998,113.309998,111.540001,113.290001,105.415154,53164400
8/31/2015,112.029999,114.529999,112,112.760002,104.922005,56229300
9/1/2015,110.150002,111.879997,107.360001,107.720001,100.232323,76845900
9/2/2015,110.230003,112.339996,109.129997,112.339996,104.531181,61888800
9/3/2015,112.489998,112.779999,110.040001,110.370003,102.69812,53233900
9/4/2015,108.970001,110.449997,108.510002,109.269997,101.674576,49996300
9/8/2015,111.75,112.559998,110.32,112.309998,104.503265,54843600
9/9/2015,113.760002,114.019997,109.769997,110.150002,102.493416,85010800
9/10/2015,110.269997,113.279999,109.900002,112.57,104.745216,62892800
9/11/2015,111.790001,114.209999,111.760002,114.209999,106.271194,49915500
9/14/2015,116.580002,116.889999,114.860001,115.309998,107.294724,58363400
9/15/2015,115.93,116.529999,114.419998,116.279999,108.197311,43341200
9/16/2015,116.25,116.540001,115.440002,116.410004,108.318291,37173500
9/17/2015,115.660004,116.489998,113.720001,113.919998,106.00135,64112600
9/18/2015,112.209999,114.300003,111.870003,113.449997,105.564041,74285300
9/21/2015,113.669998,115.370003,113.660004,115.209999,107.201698,50222000
9/22/2015,113.379997,114.18,112.519997,113.400002,105.517509,50346200
9/23/2015,113.629997,114.720001,113.300003,114.32,106.373558,35756700
9/24/2015,113.25,115.5,112.370003,115,107.006294,50219500
9/25/2015,116.440002,116.690002,114.019997,114.709999,106.736458,56151900
9/28/2015,113.849998,114.57,112.440002,112.440002,104.624237,52109000
9/29/2015,112.830002,113.510002,107.860001,109.059998,101.479179,73365400
9/30/2015,110.169998,111.540001,108.730003,110.300003,102.632996,66473000
10/1/2015,109.07,109.620003,107.309998,109.580002,101.963036,63929100
10/2/2015,108.010002,111.010002,107.550003,110.379997,102.707428,58019800
10/5/2015,109.879997,111.370003,109.07,110.779999,103.079636,52064700
10/6/2015,110.629997,111.739998,109.769997,111.309998,103.572777,48196800
10/7/2015,111.739998,111.769997,109.410004,110.779999,103.079636,46765600
10/8/2015,110.190002,110.190002,108.209999,109.5,101.888588,61979600
10/9/2015,110,112.279999,109.489998,112.120003,104.326485,52766100
10/12/2015,112.730003,112.75,111.440002,111.599998,103.842636,30467200
10/13/2015,110.82,112.449997,110.68,111.790001,104.019409,33049300
10/14/2015,111.290001,111.519997,109.559998,110.209999,102.549255,44462400
10/15/2015,110.93,112.099998,110.489998,111.860001,104.084564,37673500
10/16/2015,111.779999,112,110.529999,111.040001,103.321564,39232600
10/19/2015,110.800003,111.75,110.110001,111.730003,103.963593,29759200
10/20/2015,111.339996,114.169998,110.82,113.769997,105.861801,48967800
10/21/2015,114,115.580002,113.699997,113.760002,105.852493,41795200
10/22/2015,114.330002,115.5,114.099998,115.5,107.471558,41654100
10/23/2015,116.699997,119.230003,116.330002,119.080002,110.802673,59366900
10/26/2015,118.080002,118.129997,114.919998,115.279999,107.26683,66333800
10/27/2015,115.400002,116.540001,113.989998,114.550003,106.587563,69884400
10/28/2015,116.93,119.300003,116.059998,119.269997,110.979469,85551400
10/29/2015,118.699997,120.690002,118.269997,120.529999,112.151901,51227300
10/30/2015,120.989998,121.220001,119.449997,119.5,111.193504,49365300
11/2/2015,120.800003,121.360001,119.610001,121.18,112.756714,32203300
11/3/2015,120.790001,123.489998,120.699997,122.57,114.050095,45519000
11/4/2015,123.129997,123.82,121.620003,122,113.519714,44886100
11/5/2015,121.849998,122.690002,120.18,120.919998,112.996407,39552700
11/6/2015,121.110001,121.809998,120.620003,121.059998,113.127228,33042300
11/9/2015,120.959999,121.809998,120.050003,120.57,112.669365,33871400
11/10/2015,116.900002,118.07,116.059998,116.769997,109.11834,59127900
11/11/2015,116.370003,117.419998,115.209999,116.110001,108.501602,45218000
11/12/2015,116.260002,116.82,115.650002,115.720001,108.137138,32525600
11/13/2015,115.199997,115.57,112.269997,112.339996,104.97863,45812400
11/16/2015,111.379997,114.239998,111,114.18,106.698074,38106700
11/17/2015,114.919998,115.050003,113.32,113.690002,106.240173,27616900
11/18/2015,115.760002,117.489998,115.5,117.290001,109.604263,46674700
11/19/2015,117.639999,119.75,116.760002,118.779999,110.996635,43295800
11/20/2015,119.199997,119.919998,118.849998,119.300003,111.482559,34287100
11/23/2015,119.269997,119.730003,117.339996,117.75,110.034142,32482500
11/24/2015,117.330002,119.349998,117.120003,118.879997,111.090088,42803200
11/25/2015,119.209999,119.230003,117.919998,118.029999,110.295761,21388300
11/27/2015,118.290001,118.410004,117.599998,117.809998,110.09021,13046400
11/30/2015,117.989998,119.410004,117.75,118.300003,110.548103,39180300
12/1/2015,118.75,118.809998,116.860001,117.339996,109.650993,34852400
12/2/2015,117.339996,118.110001,116.080002,116.279999,108.660454,33386600
12/3/2015,116.550003,116.790001,114.220001,115.199997,107.65123,41569500
12/4/2015,115.290001,119.25,115.110001,119.029999,111.230263,57777000
12/7/2015,118.980003,119.860001,117.809998,118.279999,110.529411,32084200
12/8/2015,117.519997,118.599998,116.860001,118.230003,110.482658,34309500
12/9/2015,117.639999,117.690002,115.080002,115.620003,108.043701,46361400
12/10/2015,116.040001,116.940002,115.510002,116.169998,108.557663,29212700
12/11/2015,115.190002,115.389999,112.849998,113.18,105.763588,46886200
12/14/2015,112.18,112.68,109.790001,112.480003,105.109451,64318700
12/15/2015,111.940002,112.800003,110.349998,110.489998,103.24987,53323100
12/16/2015,111.07,111.989998,108.800003,111.339996,104.044151,56238500
12/17/2015,112.019997,112.25,108.980003,108.980003,101.838814,44772800
12/18/2015,108.910004,109.519997,105.809998,106.029999,99.082115,96453300
12/21/2015,107.279999,107.370003,105.57,107.330002,100.296921,47590600
12/22/2015,107.400002,107.720001,106.449997,107.230003,100.203491,32789400
12/23/2015,107.269997,108.849998,107.199997,108.610001,101.49305,32657400
12/24/2015,109,109,107.949997,108.029999,100.951057,13570400
12/28/2015,107.589996,107.690002,106.18,106.82,99.820358,26704200
12/29/2015,106.959999,109.43,106.860001,108.739998,101.614525,30931200
12/30/2015,108.580002,108.699997,107.18,107.32,100.287575,25213800
12/31/2015,107.010002,107.029999,104.82,105.260002,98.362572,40912300
1/4/2016,102.610001,105.370003,102,105.349998,98.446655,67649400
1/5/2016,105.75,105.849998,102.410004,102.709999,95.979675,55791000
1/6/2016,100.559998,102.370003,99.870003,100.699997,94.101387,68457400
1/7/2016,98.68,100.129997,96.43,96.449997,90.129868,81094400
1/8/2016,98.550003,99.110001,96.760002,96.959999,90.606438,70798000
1/11/2016,98.970001,99.059998,97.339996,98.529999,92.073563,49739400
1/12/2016,100.550003,100.690002,98.839996,99.959999,93.409874,49154200
1/13/2016,100.32,101.190002,97.300003,97.389999,91.00827,62439600
1/14/2016,97.959999,100.480003,95.739998,99.519997,92.998695,63170100
1/15/2016,96.199997,97.709999,95.360001,97.129997,90.765305,79833900
1/19/2016,98.410004,98.650002,95.5,96.660004,90.326103,53087700
1/20/2016,95.099998,98.190002,93.419998,96.790001,90.447578,72334400
1/21/2016,97.059998,97.879997,94.940002,96.300003,89.9897,52161500
1/22/2016,98.629997,101.459999,98.370003,101.419998,94.7742,65800500
1/25/2016,101.519997,101.529999,99.209999,99.440002,92.923958,51794500
1/26/2016,99.93,100.879997,98.07,99.989998,93.437889,75077000
1/27/2016,96.040001,96.629997,93.339996,93.419998,87.298416,133369700
1/28/2016,93.790001,94.519997,92.389999,94.089996,87.9245,55678800
1/29/2016,94.790001,97.339996,94.349998,97.339996,90.961533,64416500
2/1/2016,96.470001,96.709999,95.400002,96.43,90.111168,40943500
2/2/2016,95.419998,96.040001,94.279999,94.480003,88.288963,37357200
2/3/2016,95,96.839996,94.080002,96.349998,90.036423,45964300
2/4/2016,95.860001,97.330002,95.190002,96.599998,90.759865,46471700
2/5/2016,96.519997,96.919998,93.690002,94.019997,88.335838,46418100
2/8/2016,93.129997,95.699997,93.040001,95.010002,89.266014,54021400
2/9/2016,94.290001,95.940002,93.93,94.989998,89.247223,44331200
2/10/2016,95.919998,96.349998,94.099998,94.269997,88.570732,42343600
2/11/2016,93.790001,94.720001,92.589996,93.699997,88.035179,50074700
2/12/2016,94.190002,94.5,93.010002,93.989998,88.307655,40351400
2/16/2016,95.019997,96.849998,94.610001,96.639999,90.79744,49057900
2/17/2016,96.669998,98.209999,96.150002,98.120003,92.187965,44863200
2/18/2016,98.839996,98.889999,96.089996,96.260002,90.44043,39021000
2/19/2016,96,96.760002,95.800003,96.040001,90.233719,35374200
2/22/2016,96.309998,96.900002,95.919998,96.879997,91.022934,34280800
2/23/2016,96.400002,96.5,94.550003,94.690002,88.965324,31942600
2/24/2016,93.980003,96.379997,93.32,96.099998,90.290085,36255700
2/25/2016,96.050003,96.760002,95.25,96.760002,90.910202,27582700
2/26/2016,97.199997,98.019997,96.580002,96.910004,91.051132,28991100
2/29/2016,96.860001,98.230003,96.650002,96.690002,90.844444,35216300
3/1/2016,97.650002,100.769997,97.419998,100.529999,94.452271,50407100
3/2/2016,100.510002,100.889999,99.639999,100.75,94.658974,33169600
3/3/2016,100.580002,101.709999,100.449997,101.5,95.36364,36955700
3/4/2016,102.370003,103.75,101.370003,103.010002,96.782341,46055100
3/7/2016,102.389999,102.830002,100.959999,101.870003,95.711258,35828900
3/8/2016,100.779999,101.760002,100.400002,101.029999,94.92205,31561900
3/9/2016,101.309998,101.580002,100.269997,101.120003,95.006615,27201700
3/10/2016,101.410004,102.239998,100.150002,101.169998,95.053589,33513600
3/11/2016,102.239998,102.279999,101.5,102.260002,96.077667,27408200
3/14/2016,101.910004,102.910004,101.779999,102.519997,96.32196,25076100
3/15/2016,103.959999,105.18,103.849998,104.580002,98.257431,40067700
3/16/2016,104.610001,106.309998,104.589996,105.970001,99.563393,38303500
3/17/2016,105.519997,106.470001,104.959999,105.800003,99.403671,34420700
3/18/2016,106.339996,106.5,105.190002,105.919998,99.516403,44205200
3/21/2016,105.93,107.650002,105.139999,105.910004,99.507019,35502700
3/22/2016,105.25,107.290001,105.209999,106.720001,100.268051,32444400
3/23/2016,106.480003,107.07,105.900002,106.129997,99.713692,25703500
3/24/2016,105.470001,106.25,104.889999,105.669998,99.281532,26133000
3/28/2016,106,106.190002,105.059998,105.190002,98.830544,19411400
3/29/2016,104.889999,107.790001,104.879997,107.68,101.170006,31190100
3/30/2016,108.650002,110.419998,108.599998,109.559998,102.936356,45601100
3/31/2016,109.720001,109.900002,108.879997,108.989998,102.400795,25888400
4/1/2016,108.779999,110,108.199997,109.989998,103.340347,25874000
4/4/2016,110.419998,112.190002,110.269997,111.120003,104.402031,37356200
4/5/2016,109.510002,110.730003,109.419998,109.809998,103.171249,26578700
4/6/2016,110.230003,110.980003,109.199997,110.959999,104.251701,26404100
4/7/2016,109.949997,110.419998,108.120003,108.540001,101.978004,31801900
4/8/2016,108.910004,109.769997,108.169998,108.660004,102.090752,23581700
4/11/2016,108.970001,110.610001,108.830002,109.019997,102.428986,29407500
4/12/2016,109.339996,110.5,108.660004,110.440002,103.763138,27232300
4/13/2016,110.800003,112.339996,110.800003,112.040001,105.266418,33257300
4/14/2016,111.620003,112.389999,111.330002,112.099998,105.322792,25473900
4/15/2016,112.110001,112.300003,109.730003,109.849998,103.208817,46939000
4/18/2016,108.889999,108.949997,106.940002,107.480003,100.982109,60821500
4/19/2016,107.879997,108,106.230003,106.910004,100.446556,32384900
4/20/2016,106.639999,108.089996,106.059998,107.129997,100.653252,30611000
4/21/2016,106.93,106.93,105.519997,105.970001,99.563393,31552500
4/22/2016,105.010002,106.480003,104.620003,105.68,99.290916,33683100
4/25/2016,105,105.650002,104.510002,105.080002,98.727196,28031600
4/26/2016,103.910004,105.300003,103.910004,104.349998,98.041336,56016200
4/27/2016,96,98.709999,95.68,97.82,91.906113,114602100
4/28/2016,97.610001,97.879997,94.25,94.830002,89.096878,82242700
4/29/2016,93.989998,94.720001,92.510002,93.739998,88.072762,68531500
5/2/2016,93.970001,94.080002,92.400002,93.639999,87.978806,48160100
5/3/2016,94.199997,95.739998,93.68,95.18,89.425705,56831300
5/4/2016,95.199997,95.900002,93.82,94.190002,88.495567,41025500
5/5/2016,94,94.07,92.68,93.239998,88.136368,35890500
5/6/2016,93.370003,93.449997,91.849998,92.720001,87.644852,43699900
5/9/2016,93,93.769997,92.589996,92.790001,87.711006,32936400
5/10/2016,93.330002,93.57,92.110001,93.419998,88.306511,33686800
5/11/2016,93.480003,93.57,92.459999,92.510002,87.446327,28719100
5/12/2016,92.720001,92.779999,89.470001,90.339996,85.395096,76314700
5/13/2016,90,91.669998,90,90.519997,85.565239,44392800
5/16/2016,92.389999,94.389999,91.650002,93.879997,88.741341,61259800
5/17/2016,94.550003,94.699997,93.010002,93.489998,88.372688,46916900
5/18/2016,94.160004,95.209999,93.889999,94.559998,89.384109,42062400
5/19/2016,94.639999,94.639999,93.57,94.199997,89.043816,30442100
5/20/2016,94.639999,95.43,94.519997,95.220001,90.007996,32026000
5/23/2016,95.870003,97.190002,95.669998,96.43,91.151764,38018600
5/24/2016,97.220001,98.089996,96.839996,97.900002,92.541298,35140200
5/25/2016,98.669998,99.739998,98.110001,99.620003,94.167145,38168800
5/26/2016,99.68,100.730003,98.639999,100.410004,94.91391,56331200
5/27/2016,99.440002,100.470001,99.25,100.349998,94.857185,36341200
5/31/2016,99.599998,100.400002,98.82,99.860001,94.39402,42307200
6/1/2016,99.019997,99.540001,98.330002,98.459999,93.070633,29173300
6/2/2016,97.599998,97.839996,96.629997,97.720001,92.371155,40191600
6/3/2016,97.790001,98.269997,97.449997,97.919998,92.560196,28504900
6/6/2016,97.989998,101.889999,97.550003,98.629997,93.231331,23292500
6/7/2016,99.25,99.870003,98.959999,99.029999,93.609444,22409500
6/8/2016,99.019997,99.559998,98.68,98.940002,93.524368,20848100
6/9/2016,98.5,99.989998,98.459999,99.650002,94.195511,26601400
6/10/2016,98.529999,99.349998,98.480003,98.830002,93.420403,31712900
6/13/2016,98.690002,99.120003,97.099998,97.339996,92.01194,38020500
6/14/2016,97.32,98.480003,96.75,97.459999,92.125389,31931900
6/15/2016,97.82,98.410004,97.029999,97.139999,91.822899,29445200
6/16/2016,96.449997,97.75,96.07,97.550003,92.210464,31326800
6/17/2016,96.620003,96.650002,95.300003,95.330002,90.111977,61008200
6/20/2016,96,96.57,95.029999,95.099998,89.894562,34411900
6/21/2016,94.940002,96.349998,94.68,95.910004,90.660217,35546400
6/22/2016,96.25,96.889999,95.349998,95.550003,90.319923,29219100
6/23/2016,95.940002,96.290001,95.25,96.099998,90.839828,32240200
6/24/2016,92.910004,94.660004,92.650002,93.400002,88.287621,75311400
6/27/2016,93,93.050003,91.5,92.040001,87.002052,45489600
6/28/2016,92.900002,93.660004,92.139999,93.589996,88.467209,40444900
6/29/2016,93.970001,94.550003,93.629997,94.400002,89.232864,36531000
6/30/2016,94.440002,95.769997,94.300003,95.599998,90.367195,35836400
7/1/2016,95.489998,96.470001,95.330002,95.889999,90.641319,26026500
7/5/2016,95.389999,95.400002,94.459999,94.989998,89.790573,27705200
7/6/2016,94.599998,95.660004,94.370003,95.529999,90.301018,30949100
7/7/2016,95.699997,96.5,95.620003,95.940002,90.688583,25139600
7/8/2016,96.489998,96.889999,96.050003,96.68,91.388084,28912100
7/11/2016,96.75,97.650002,96.730003,96.980003,91.671654,23794900
7/12/2016,97.169998,97.699997,97.120003,97.419998,92.087578,24167500
7/13/2016,97.410004,97.669998,96.839996,96.870003,91.56768,25892200
7/14/2016,97.389999,98.989998,97.32,98.790001,93.382576,38919000
7/15/2016,98.919998,99.300003,98.5,98.779999,93.373138,30137000
7/18/2016,98.699997,100.129997,98.599998,99.830002,94.365654,36493900
7/19/2016,99.559998,100,99.339996,99.870003,94.403473,23779900
7/20/2016,100,100.459999,99.739998,99.959999,94.488556,26276000
7/21/2016,99.830002,101,99.129997,99.43,93.987556,32702000
7/22/2016,99.260002,99.300003,98.309998,98.660004,93.259705,28313700
7/25/2016,98.25,98.839996,96.919998,97.339996,92.01194,40382900
7/26/2016,96.82,97.970001,96.419998,96.669998,91.378624,56239800
7/27/2016,104.269997,104.349998,102.75,102.949997,97.314865,92344800
7/28/2016,102.830002,104.449997,102.82,104.339996,98.628769,39869800
7/29/2016,104.190002,104.550003,103.68,104.209999,98.50592,27733700
8/1/2016,104.410004,106.150002,104.410004,106.050003,100.245193,38167900
8/2/2016,106.050003,106.07,104,104.480003,98.761139,33816600
8/3/2016,104.809998,105.839996,104.769997,105.790001,99.999428,30202600
8/4/2016,105.580002,106,105.279999,105.870003,100.617188,27408700
8/5/2016,106.269997,107.650002,106.18,107.480003,102.147301,40553400
8/8/2016,107.519997,108.370003,107.160004,108.370003,102.993134,28037200
8/9/2016,108.230003,108.940002,108.010002,108.809998,103.411293,26315200
8/10/2016,108.709999,108.900002,107.760002,108,102.641495,24008500
8/11/2016,108.519997,108.93,107.849998,107.93,102.574959,27484500
8/12/2016,107.779999,108.440002,107.779999,108.18,102.812553,18660400
8/15/2016,108.139999,109.540001,108.080002,109.480003,104.048073,25868200
8/16/2016,109.629997,110.230003,109.209999,109.379997,103.953026,33794400
8/17/2016,109.099998,109.370003,108.339996,109.220001,103.800949,25356000
8/18/2016,109.230003,109.599998,109.019997,109.080002,103.667908,21984700
8/19/2016,108.769997,109.690002,108.360001,109.360001,103.934013,25368100
8/22/2016,108.860001,109.099998,107.849998,108.510002,103.126198,25820200
8/23/2016,108.589996,109.32,108.529999,108.849998,103.449318,21257700
8/24/2016,108.57,108.75,107.68,108.029999,102.670006,23675100
8/25/2016,107.389999,107.879997,106.68,107.57,102.232841,25086200
8/26/2016,107.410004,107.949997,106.309998,106.940002,101.634079,27766300
8/29/2016,106.620003,107.440002,106.290001,106.82,101.520035,24970300
8/30/2016,105.800003,106.5,105.5,106,100.740738,24863900
8/31/2016,105.660004,106.57,105.639999,106.099998,100.835762,29662400
9/1/2016,106.139999,106.800003,105.620003,106.730003,101.434509,26701500
9/2/2016,107.699997,108,106.82,107.730003,102.384895,26802500
9/6/2016,107.900002,108.300003,107.510002,107.699997,102.356369,26880400
9/7/2016,107.830002,108.760002,107.07,108.360001,102.983627,42364300
9/8/2016,107.25,107.269997,105.239998,105.519997,100.284531,53002000
9/9/2016,104.639999,105.720001,103.129997,103.129997,98.013115,46557000
9/12/2016,102.650002,105.720001,102.529999,105.440002,100.208519,45292800
9/13/2016,107.510002,108.790001,107.239998,107.949997,102.593964,62176200
9/14/2016,108.730003,113.029999,108.599998,111.769997,106.224449,110888700
9/15/2016,113.860001,115.730003,113.489998,115.57,109.835899,89983600
9/16/2016,115.120003,116.129997,114.040001,114.919998,109.218155,79886900
9/19/2016,115.190002,116.18,113.25,113.580002,107.944641,47023000
9/20/2016,113.050003,114.120003,112.510002,113.57,107.935127,34514300
9/21/2016,113.849998,113.989998,112.440002,113.550003,107.916115,36003200
9/22/2016,114.349998,114.940002,114,114.620003,108.933044,31074000
9/23/2016,114.419998,114.790001,111.550003,112.709999,107.117805,52481200
9/26/2016,111.639999,113.389999,111.550003,112.879997,107.279366,29869400
9/27/2016,113,113.18,112.339996,113.089996,107.478943,24607400
9/28/2016,113.690002,114.639999,113.43,113.949997,108.29628,29641100
9/29/2016,113.160004,113.800003,111.800003,112.18,106.614113,35887000
9/30/2016,112.459999,113.370003,111.800003,113.050003,107.440933,36379100
10/3/2016,112.709999,113.050003,112.279999,112.519997,106.93721,21701800
10/4/2016,113.059998,114.309998,112.629997,113,107.39341,29736800
10/5/2016,113.400002,113.660004,112.690002,113.050003,107.440933,21453100
10/6/2016,113.699997,114.339996,113.129997,113.889999,108.23925,28779300
10/7/2016,114.309998,114.559998,113.510002,114.059998,108.400818,24358400
10/10/2016,115.019997,116.75,114.720001,116.050003,110.292084,36236000
10/11/2016,117.699997,118.690002,116.199997,116.300003,110.529694,64041000
10/12/2016,117.349998,117.980003,116.75,117.339996,111.518074,37586800
10/13/2016,116.790001,117.440002,115.720001,116.980003,111.175941,35192400
10/14/2016,117.879997,118.169998,117.129997,117.629997,111.793686,35652200
10/17/2016,117.330002,117.839996,116.779999,117.550003,111.717659,23624900
10/18/2016,118.18,118.209999,117.449997,117.470001,111.641632,24553500
10/19/2016,117.25,117.760002,113.800003,117.120003,111.309006,20034600
10/20/2016,116.860001,117.379997,116.330002,117.059998,111.251968,24125800
10/21/2016,116.809998,116.910004,116.279999,116.599998,110.814804,23192700
10/24/2016,117.099998,117.739998,117,117.650002,111.812714,23538700
10/25/2016,117.949997,118.360001,117.309998,118.25,112.382919,48129000
10/26/2016,114.309998,115.699997,113.309998,115.589996,109.854904,66134200
10/27/2016,115.389999,115.860001,114.099998,114.480003,108.79998,34562000
10/28/2016,113.870003,115.209999,113.449997,113.720001,108.077698,37861700
10/31/2016,113.650002,114.230003,113.199997,113.540001,107.906609,26419400
11/1/2016,113.459999,113.769997,110.529999,111.489998,105.958328,43825800
11/2/2016,111.400002,112.349998,111.230003,111.589996,106.05336,28331700
11/3/2016,110.980003,111.459999,109.550003,109.830002,104.916626,26932600
11/4/2016,108.529999,110.25,108.110001,108.839996,103.970886,30837000
11/7/2016,110.080002,110.510002,109.459999,110.410004,105.470665,32560000
11/8/2016,110.309998,111.720001,109.699997,111.059998,106.091583,24254200
11/9/2016,109.879997,111.32,108.050003,110.879997,105.91964,59176400
11/10/2016,111.089996,111.089996,105.830002,107.790001,102.96788,57134500
11/11/2016,107.120003,108.870003,106.550003,108.43,103.579254,34143900
11/14/2016,107.709999,107.809998,104.080002,105.709999,100.980919,51175500
11/15/2016,106.57,107.68,106.160004,107.110001,102.318291,32264500
11/16/2016,106.699997,110.230003,106.599998,109.989998,105.06945,58840500
11/17/2016,109.809998,110.349998,108.830002,109.949997,105.031227,27632000
11/18/2016,109.720001,110.540001,109.660004,110.059998,105.136322,28428900
11/21/2016,110.120003,111.989998,110.010002,111.730003,106.731606,29264600
11/22/2016,111.949997,112.419998,111.400002,111.800003,106.798477,25965500
11/23/2016,111.360001,111.510002,110.330002,111.230003,106.253975,27426400
11/25/2016,111.129997,111.870003,110.949997,111.790001,106.788933,11475900
11/28/2016,111.43,112.470001,111.389999,111.57,106.578766,27194000
11/29/2016,110.779999,112.029999,110.07,111.459999,106.473701,28528800
11/30/2016,111.599998,112.199997,110.269997,110.519997,105.575737,36162300
12/1/2016,110.370003,110.940002,109.029999,109.489998,104.591812,37086900
12/2/2016,109.169998,110.089996,108.849998,109.900002,104.983475,26528000
12/5/2016,110,110.029999,108.25,109.110001,104.228821,34324500
12/6/2016,109.5,110.360001,109.190002,109.949997,105.031227,26195500
12/7/2016,109.260002,111.190002,109.160004,111.029999,106.062927,29998700
12/8/2016,110.860001,112.43,110.599998,112.120003,107.104172,27068300
12/9/2016,112.309998,114.699997,112.309998,113.949997,108.852295,34402600
12/12/2016,113.290001,115,112.489998,113.300003,108.231384,26374400
12/13/2016,113.839996,115.919998,113.75,115.190002,110.036827,43733800
12/14/2016,115.040001,116.199997,114.980003,115.190002,110.036827,34031800
12/15/2016,115.379997,116.730003,115.230003,115.82,110.638626,46524500
12/16/2016,116.470001,116.5,115.650002,115.970001,110.781929,44351100
12/19/2016,115.800003,117.379997,115.75,116.639999,111.421944,27779400
12/20/2016,116.739998,117.5,116.68,116.949997,111.718086,21425000
12/21/2016,116.800003,117.400002,116.779999,117.059998,111.823174,23783200
12/22/2016,116.349998,116.510002,115.639999,116.290001,111.087608,26085900
12/23/2016,115.589996,116.519997,115.589996,116.519997,111.30732,14249500
12/27/2016,116.519997,117.800003,116.489998,117.260002,112.014214,18296900
12/28/2016,117.519997,118.019997,116.199997,116.760002,111.536598,20905900
12/29/2016,116.449997,117.110001,116.400002,116.730003,111.507927,15039500
12/30/2016,116.650002,117.199997,115.43,115.82,110.638626,30586300
1/3/2017,115.800003,116.330002,114.760002,116.150002,110.953873,28781900
1/4/2017,115.849998,116.510002,115.75,116.019997,110.829704,21118100
1/5/2017,115.919998,116.860001,115.809998,116.610001,111.393303,22193600
1/6/2017,116.779999,118.160004,116.470001,117.910004,112.635139,31751900
1/9/2017,117.949997,119.43,117.940002,118.989998,113.666824,33561900
1/10/2017,118.769997,119.379997,118.300003,119.110001,113.781464,24462100
1/11/2017,118.739998,119.93,118.599998,119.75,114.392822,27588600
1/12/2017,118.900002,119.300003,118.209999,119.25,113.915184,27086200
1/13/2017,119.110001,119.620003,118.809998,119.040001,113.714584,26111900
1/17/2017,118.339996,120.239998,118.220001,120,114.631653,34439800
1/18/2017,120,120.5,119.709999,119.989998,114.622086,23713000
1/19/2017,119.400002,120.089996,119.370003,119.779999,114.421486,25597300
1/20/2017,120.449997,120.449997,119.730003,120,114.631653,32597900
1/23/2017,120,120.809998,119.769997,120.080002,114.708061,22050200
1/24/2017,119.550003,120.099998,119.5,119.970001,114.602982,23211000
1/25/2017,120.419998,122.099998,120.279999,121.879997,116.427536,32377600
1/26/2017,121.669998,122.440002,121.599998,121.940002,116.484856,26337600
1/27/2017,122.139999,122.349998,121.599998,121.949997,116.494415,20562900
1/30/2017,120.93,121.629997,120.660004,121.629997,116.188705,30377500
1/31/2017,121.150002,121.389999,120.620003,121.349998,115.921227,49201000
2/1/2017,127.029999,130.490005,127.010002,128.75,122.990189,111985000
2/2/2017,127.980003,129.389999,127.779999,128.529999,122.780045,33710400
2/3/2017,128.309998,129.190002,128.160004,129.080002,123.305435,24507300
2/6/2017,129.130005,130.5,128.899994,130.289993,124.461311,26845900
2/7/2017,130.539993,132.089996,130.449997,131.529999,125.645805,38183800
2/8/2017,131.350006,132.220001,131.220001,132.039993,126.133018,23004100
2/9/2017,131.649994,132.449997,131.119995,132.419998,127.044449,28349900
2/10/2017,132.460007,132.940002,132.050003,132.119995,126.756615,20065500
2/13/2017,133.080002,133.820007,132.75,133.289993,127.879105,23035400
2/14/2017,133.470001,135.089996,133.25,135.020004,129.53891,33226200
2/15/2017,135.520004,136.270004,134.619995,135.509995,130.009018,35623100
2/16/2017,135.669998,135.899994,134.839996,135.350006,129.855499,22584600
2/17/2017,135.100006,135.830002,135.100006,135.720001,130.210526,22198200
2/21/2017,136.229996,136.75,135.979996,136.699997,131.150726,24507200
2/22/2017,136.429993,137.119995,136.110001,137.110001,131.544052,20836900
2/23/2017,137.380005,137.479996,136.300003,136.529999,130.98761,20788200
2/24/2017,135.910004,136.660004,135.279999,136.660004,131.11235,21776600
2/27/2017,137.139999,137.440002,136.279999,136.929993,131.371368,20257400
2/28/2017,137.080002,137.440002,136.699997,136.990005,131.428955,23482900
3/1/2017,137.889999,140.149994,137.600006,139.789993,134.11528,36414600
3/2/2017,140,140.279999,138.759995,138.960007,133.318939,26211000
3/3/2017,138.779999,139.830002,138.589996,139.779999,134.105652,21108100
3/6/2017,139.369995,139.770004,138.600006,139.339996,133.683517,21750000
3/7/2017,139.059998,139.979996,138.789993,139.520004,133.856232,17446300
3/8/2017,138.949997,139.800003,138.820007,139,133.357315,18707200
3/9/2017,138.740005,138.789993,137.050003,138.679993,133.050323,22155900
3/10/2017,139.25,139.360001,138.639999,139.139999,133.491669,19612800
3/13/2017,138.850006,139.429993,138.820007,139.199997,133.549194,17421700
3/14/2017,139.300003,139.649994,138.839996,138.990005,133.347763,15309100
3/15/2017,139.410004,140.75,139.029999,140.460007,134.758087,25691800
3/16/2017,140.720001,141.020004,140.259995,140.690002,134.978714,19232000
3/17/2017,141,141,139.889999,139.990005,134.307159,43885000
3/20/2017,140.399994,141.5,140.229996,141.460007,135.717484,21542000
3/21/2017,142.110001,142.800003,139.729996,139.839996,134.163223,39529900
3/22/2017,139.850006,141.600006,139.759995,141.419998,135.679092,25860200
3/23/2017,141.259995,141.580002,140.610001,140.919998,135.199371,20346300
3/24/2017,141.5,141.740005,140.350006,140.639999,134.930756,22395600
3/27/2017,139.389999,141.220001,138.619995,140.880005,135.161026,23575100
3/28/2017,140.910004,144.039993,140.619995,143.800003,137.962479,33374800
3/29/2017,143.679993,144.490005,143.190002,144.119995,138.269485,29190000
3/30/2017,144.190002,144.5,143.5,143.929993,138.087189,21207300
3/31/2017,143.720001,144.270004,143.009995,143.660004,137.828171,19661700
4/3/2017,143.710007,144.119995,143.050003,143.699997,137.866547,19985700
4/4/2017,143.25,144.889999,143.169998,144.770004,138.893127,19891400
4/5/2017,144.220001,145.460007,143.809998,144.020004,138.173553,27717900
4/6/2017,144.289993,144.520004,143.449997,143.660004,137.828171,21149000
4/7/2017,143.729996,144.179993,143.270004,143.339996,137.521149,16672200
4/10/2017,143.600006,143.880005,142.899994,143.169998,137.358063,18933400
4/11/2017,142.940002,143.350006,140.059998,141.630005,135.880585,30379400
4/12/2017,141.600006,142.149994,141.009995,141.800003,136.043655,20350000
4/13/2017,141.910004,142.380005,141.050003,141.050003,135.324158,17822900
4/17/2017,141.479996,141.880005,140.869995,141.830002,136.072449,16582100
4/18/2017,141.410004,142.039993,141.110001,141.199997,135.468033,14697500
4/19/2017,141.880005,142,140.449997,140.679993,134.969116,17328400
4/20/2017,141.220001,142.919998,141.160004,142.440002,136.657715,23319600
4/21/2017,142.440002,142.679993,141.850006,142.270004,136.494598,17320900
4/24/2017,143.5,143.949997,143.179993,143.639999,137.809006,17134300
4/25/2017,143.910004,144.899994,143.869995,144.529999,138.662857,18871500
4/26/2017,144.470001,144.600006,143.380005,143.679993,137.847351,20041200
4/27/2017,143.919998,144.160004,143.309998,143.789993,137.952866,14246300
4/28/2017,144.089996,144.300003,143.270004,143.649994,137.818558,20860400
5/1/2017,145.100006,147.199997,144.960007,146.580002,140.629639,33602900
5/2/2017,147.539993,148.089996,146.839996,147.509995,141.521896,45352200
5/3/2017,145.589996,147.490005,144.270004,147.059998,141.090149,45697000
5/4/2017,146.520004,147.139999,145.809998,146.529999,140.58165,23371900
5/5/2017,146.759995,148.979996,146.759995,148.960007,142.91301,27327700
5/8/2017,149.029999,153.699997,149.029999,153.009995,146.798615,48752400
5/9/2017,153.869995,154.880005,153.449997,153.990005,147.7388,39130400
5/10/2017,153.630005,153.940002,152.110001,153.259995,147.038467,25805700
5/11/2017,152.449997,154.070007,152.309998,153.949997,148.310089,27255100
5/12/2017,154.699997,156.419998,154.669998,156.100006,150.381317,32527000
5/15/2017,156.009995,156.649994,155.050003,155.699997,149.995987,26009700
5/16/2017,155.940002,156.059998,154.720001,155.470001,149.774414,20048500
5/17/2017,153.600006,154.570007,149.710007,150.25,144.745636,50767700
5/18/2017,151.270004,153.339996,151.130005,152.539993,146.951736,33568200
5/19/2017,153.380005,153.979996,152.630005,153.059998,147.452682,26960800
5/22/2017,154,154.580002,152.910004,153.990005,148.348648,22966400
5/23/2017,154.899994,154.899994,153.309998,153.800003,148.165573,19918900
5/24/2017,153.839996,154.169998,152.669998,153.339996,147.722443,19178000
5/25/2017,153.729996,154.350006,153.029999,153.869995,148.232986,19235600
5/26/2017,154,154.240005,153.309998,153.610001,147.982559,21927600
5/30/2017,153.419998,154.429993,153.330002,153.669998,148.040359,20126900
5/31/2017,153.970001,154.169998,152.380005,152.759995,147.163681,24451200
6/1/2017,153.169998,153.330002,152.220001,153.179993,147.568298,16404100
6/2/2017,153.580002,155.449997,152.889999,155.449997,149.755157,27770700
6/5/2017,154.339996,154.449997,153.460007,153.929993,148.290817,25331700
6/6/2017,153.899994,155.809998,153.779999,154.449997,148.791779,26624900
6/7/2017,155.020004,155.979996,154.479996,155.369995,149.67807,21069600
6/8/2017,155.25,155.539993,154.399994,154.990005,149.311996,21250800
6/9/2017,155.190002,155.190002,146.020004,148.979996,143.522141,64882700
6/12/2017,145.740005,146.089996,142.509995,145.419998,140.09259,72307300
6/13/2017,147.160004,147.449997,145.149994,146.589996,141.219742,34165400
6/14/2017,147.5,147.5,143.839996,145.160004,139.842133,31531200
6/15/2017,143.320007,144.479996,142.210007,144.289993,139.003952,32165400
6/16/2017,143.779999,144.5,142.199997,142.270004,137.057983,50361100
6/19/2017,143.660004,146.740005,143.660004,146.339996,140.978882,32541400
6/20/2017,146.869995,146.869995,144.940002,145.009995,139.697601,24900100
6/21/2017,145.520004,146.070007,144.610001,145.869995,140.526093,21265800
6/22/2017,145.770004,146.699997,145.119995,145.630005,140.294922,19106300
6/23/2017,145.130005,147.160004,145.110001,146.279999,140.921082,35439400
6/26/2017,147.169998,148.279999,145.380005,145.820007,140.477951,25692400
6/27/2017,145.009995,146.160004,143.619995,143.729996,138.464493,24761900
6/28/2017,144.490005,146.110001,143.160004,145.830002,140.487579,22082400
6/29/2017,144.710007,145.130005,142.279999,143.679993,138.416321,31499400
6/30/2017,144.449997,144.960007,143.779999,144.020004,138.743896,23024100
7/3/2017,144.880005,145.300003,143.100006,143.5,138.242905,14277800
7/5/2017,143.690002,144.789993,142.720001,144.089996,138.81131,21569600
7/6/2017,143.020004,143.5,142.410004,142.729996,137.501144,24128800
7/7/2017,142.899994,144.75,142.899994,144.179993,138.89801,19201700
7/10/2017,144.110001,145.949997,143.369995,145.059998,139.745758,21090600
7/11/2017,144.729996,145.850006,144.380005,145.529999,140.198547,19781800
7/12/2017,145.869995,146.179993,144.820007,145.740005,140.400864,24884500
7/13/2017,145.5,148.490005,145.440002,147.770004,142.356522,25199400
7/14/2017,147.970001,149.330002,147.330002,149.039993,143.579956,20132100
7/17/2017,148.820007,150.899994,148.570007,149.559998,144.080887,23793500
7/18/2017,149.199997,150.130005,148.669998,150.080002,144.581879,17868800
7/19/2017,150.479996,151.419998,149.949997,151.020004,145.487427,20923000
7/20/2017,151.5,151.740005,150.190002,150.339996,144.832336,17243700
7/21/2017,149.990005,150.440002,148.880005,150.270004,144.764908,26252600
7/24/2017,150.580002,152.440002,149.899994,152.089996,146.51825,21493200
7/25/2017,151.800003,153.839996,151.800003,152.740005,147.144424,18853900
7/26/2017,153.350006,153.929993,153.059998,153.460007,147.838058,15781000
7/27/2017,153.75,153.990005,147.300003,150.559998,145.044281,32476300
7/28/2017,149.889999,150.229996,149.190002,149.5,144.023117,17213700
7/31/2017,149.899994,150.330002,148.130005,148.729996,143.281311,19845900
8/1/2017,149.100006,150.220001,148.410004,150.050003,144.552963,35368600
8/2/2017,159.279999,159.75,156.160004,157.139999,151.383224,69936800
8/3/2017,157.050003,157.210007,155.020004,155.570007,149.870743,27097300
8/4/2017,156.070007,157.399994,155.690002,156.389999,150.660721,20559900
8/7/2017,157.059998,158.919998,156.669998,158.809998,152.992065,21870300
8/8/2017,158.600006,161.830002,158.270004,160.080002,154.21553,36205900
8/9/2017,159.259995,161.270004,159.110001,161.059998,155.159607,26131500
8/10/2017,159.899994,160,154.630005,155.320007,150.217499,40804300
8/11/2017,156.600006,158.570007,156.070007,157.479996,152.306549,26257100
8/14/2017,159.320007,160.210007,158.75,159.850006,154.598694,22122700
8/15/2017,160.660004,162.199997,160.139999,161.600006,156.291183,29465500
8/16/2017,161.940002,162.509995,160.149994,160.949997,155.662521,27671600
8/17/2017,160.520004,160.710007,157.839996,157.860001,152.674057,27940600
8/18/2017,157.860001,159.5,156.720001,157.5,152.325897,27428100
8/21/2017,157.5,157.889999,155.110001,157.210007,152.045425,26368500
8/22/2017,158.229996,160,158.020004,159.779999,154.530991,21604600
8/23/2017,159.070007,160.470001,158.880005,159.979996,154.724396,19399100
8/24/2017,160.429993,160.740005,158.550003,159.270004,154.037735,19818900
8/25/2017,159.649994,160.559998,159.270004,159.860001,154.608353,25480100
8/28/2017,160.139999,162,159.929993,161.470001,156.165451,25966000
8/29/2017,160.100006,163.119995,160,162.910004,157.558167,29516900
8/30/2017,163.800003,163.889999,162.610001,163.350006,157.983704,27269600
8/31/2017,163.639999,164.520004,163.479996,164,158.61235,26785100
9/1/2017,164.800003,164.940002,163.630005,164.050003,158.660706,16591100
9/5/2017,163.75,164.25,160.559998,162.080002,156.755432,29468500
9/6/2017,162.710007,162.990005,160.520004,161.910004,156.590988,21651700
9/7/2017,162.089996,162.240005,160.360001,161.259995,155.962341,21928500
9/8/2017,160.860001,161.149994,158.529999,158.630005,153.418777,28611500
9/11/2017,160.5,162.050003,159.889999,161.5,156.194489,31580800
9/12/2017,162.610001,163.960007,158.770004,160.860001,155.575516,71714000
9/13/2017,159.869995,159.960007,157.910004,159.649994,154.405258,44907400
9/14/2017,158.990005,159.399994,158.089996,158.279999,153.080246,23760700
9/15/2017,158.470001,160.970001,158,159.880005,154.627701,49114600
9/18/2017,160.110001,160.5,158,158.669998,153.457443,28269400
9/19/2017,159.509995,159.770004,158.440002,158.729996,153.515472,20810600
9/20/2017,157.899994,158.259995,153.830002,156.070007,150.942871,52951400
9/21/2017,155.800003,155.800003,152.75,153.389999,148.350891,37511700
9/22/2017,151.539993,152.270004,150.559998,151.889999,146.900177,46645400
9/25/2017,149.990005,151.830002,149.160004,150.550003,145.604202,44387300
9/26/2017,151.779999,153.919998,151.690002,153.139999,148.109116,36660000
9/27/2017,153.800003,154.720001,153.539993,154.229996,149.1633,25504200
9/28/2017,153.889999,154.279999,152.699997,153.279999,148.244507,22005500
9/29/2017,153.210007,154.130005,152,154.119995,149.0569,26299800
10/2/2017,154.259995,154.449997,152.720001,153.809998,148.757111,18698800
10/3/2017,154.009995,155.089996,153.910004,154.479996,149.405106,16230300
10/4/2017,153.630005,153.860001,152.460007,153.479996,148.437958,20163800
10/5/2017,154.179993,155.440002,154.050003,155.389999,150.285172,21283800
10/6/2017,154.970001,155.490005,154.559998,155.300003,150.198135,17407600
10/9/2017,155.809998,156.729996,155.490005,155.839996,150.720398,16262900
10/10/2017,156.059998,158,155.100006,155.899994,150.778427,15617000
10/11/2017,155.970001,156.979996,155.75,156.550003,151.407104,16905600
10/12/2017,156.350006,157.369995,155.729996,156,150.875168,16125100
10/13/2017,156.729996,157.279999,156.410004,156.990005,151.832642,16394200
10/16/2017,157.899994,160,157.649994,159.880005,154.627701,24121500
10/17/2017,159.779999,160.869995,159.229996,160.470001,155.198318,18997300
10/18/2017,160.419998,160.710007,159.600006,159.759995,154.511642,16374200
10/19/2017,156.75,157.080002,155.020004,155.979996,150.855804,42584200
10/20/2017,156.610001,157.75,155.960007,156.25,151.116959,23974100
10/23/2017,156.889999,157.690002,155.5,156.169998,151.039581,21984300
10/24/2017,156.289993,157.419998,156.199997,157.100006,151.939011,17757200
10/25/2017,156.910004,157.550003,155.270004,156.410004,151.271683,21207100
10/26/2017,157.229996,157.830002,156.779999,157.410004,152.238815,17000500
10/27/2017,159.289993,163.600006,158.699997,163.050003,157.693542,44454200
10/30/2017,163.889999,168.070007,163.720001,166.720001,161.242996,44700800
10/31/2017,167.899994,169.649994,166.940002,169.039993,163.486755,36046800
11/1/2017,169.869995,169.940002,165.610001,166.889999,161.407394,33637800
11/2/2017,166.600006,168.5,165.279999,168.110001,162.587326,41393400
11/3/2017,174,174.259995,171.119995,172.5,166.833115,59398600
11/6/2017,172.369995,174.990005,171.720001,174.25,168.52562,35026300
11/7/2017,173.910004,175.25,173.600006,174.809998,169.067215,24361500
11/8/2017,174.660004,176.240005,174.330002,176.240005,170.450256,24409500
11/9/2017,175.110001,176.100006,173.139999,175.880005,170.102097,29482600
11/10/2017,175.110001,175.380005,174.270004,174.669998,169.539093,25145500
11/13/2017,173.5,174.5,173.399994,173.970001,168.859665,16982100
11/14/2017,173.039993,173.479996,171.179993,171.339996,166.3069,24782500
11/15/2017,169.970001,170.320007,168.380005,169.080002,164.113281,29158100
11/16/2017,171.179993,171.869995,170.300003,171.100006,166.073975,23637500
11/17/2017,171.039993,171.389999,169.639999,170.149994,165.151871,21899500
11/20/2017,170.289993,170.559998,169.559998,169.979996,164.986893,16262400
11/21/2017,170.779999,173.699997,170.779999,173.139999,168.054031,25131300
11/22/2017,173.360001,175,173.050003,174.960007,169.820587,25588900
11/24/2017,175.100006,175.5,174.649994,174.970001,169.830307,14026700
11/27/2017,175.050003,175.080002,173.339996,174.089996,168.976135,20716800
11/28/2017,174.300003,174.869995,171.860001,173.070007,167.986099,26428800
11/29/2017,172.630005,172.919998,167.160004,169.479996,164.501587,41666400
11/30/2017,170.429993,172.139999,168.440002,171.850006,166.801956,41527200
12/1/2017,169.949997,171.669998,168.5,171.050003,166.025436,39759300
12/4/2017,172.479996,172.619995,169.630005,169.800003,164.812134,32542400
12/5/2017,169.059998,171.520004,168.399994,169.639999,164.656845,27350200
12/6/2017,167.5,170.199997,166.460007,169.009995,164.04538,28560000
12/7/2017,169.029999,170.440002,168.910004,169.320007,164.346298,25673300
12/8/2017,170.490005,171,168.820007,169.369995,164.394775,23355200
12/11/2017,169.199997,172.889999,168.789993,172.669998,167.597855,35273800
12/12/2017,172.149994,172.389999,171.460007,171.699997,166.656357,19409200
12/13/2017,172.5,173.539993,172,172.270004,167.20961,23818400
12/14/2017,172.399994,173.130005,171.649994,172.220001,167.161057,20476500
12/15/2017,173.630005,174.169998,172.460007,173.970001,168.859665,40169300
12/18/2017,174.880005,177.199997,174.860001,176.419998,171.237717,29421100
12/19/2017,175.029999,175.389999,174.089996,174.539993,169.412903,27436400
12/20/2017,174.869995,175.419998,173.25,174.350006,169.2285,23475600
12/21/2017,174.169998,176.020004,174.100006,175.009995,169.86911,20949900
12/22/2017,174.679993,175.419998,174.5,175.009995,169.86911,16349400
12/26/2017,170.800003,171.470001,169.679993,170.570007,165.559555,33185500
12/27/2017,170.100006,170.779999,169.710007,170.600006,165.588669,21498200
12/28/2017,171,171.850006,170.479996,171.080002,166.054581,16480200
12/29/2017,170.520004,170.589996,169.220001,169.229996,164.258896,25999900
1/2/2018,170.160004,172.300003,169.259995,172.259995,167.19989,25555900
1/3/2018,172.529999,174.550003,171.960007,172.229996,167.170776,29517900
1/4/2018,172.539993,173.470001,172.080002,173.029999,167.947266,22434600
1/5/2018,173.440002,175.369995,173.050003,175,169.859406,23660000
1/8/2018,174.350006,175.610001,173.929993,174.350006,169.2285,20567800
1/9/2018,174.550003,175.059998,173.410004,174.330002,169.209091,21584000
1/10/2018,173.160004,174.300003,173,174.289993,169.170258,23959900
1/11/2018,174.589996,175.490005,174.490005,175.279999,170.13118,18667700
